Code,Laterality,Contrast,XR#Views,description,modality,bodyRegion
RM00001,N/A,WWOC,1,CT ABDOMEN ANGIO W AND WO IV CONTRAST,CT,ABDOMEN
RM00002,N/A,WOC,1,CT ABDOMEN WO IV CONTRAST,CT,ABDOMEN
RM00003,N/A,WWOC,1,CT ABDOMEN W AND WO IV CONTRAST,CT,ABDOMEN
RM00004,N/A,WC,1,CT ABDOMEN W IV CONTRAST,CT,ABDOMEN
RM00005,N/A,WWOC,1,CT CHEST ANGIO W AND WO IV CONTRAST,CT,CHEST
RM00006,N/A,WWOC,1,CT HEAD ANGIO W AND WO IV CONTRAST,CT,HEAD
RM00007,N/A,WWOC,1,CT LOWER EXTREMITY ANGIO W AND WO IV CONTRAST,CT,LOWER EXTREMITY
RM00008,N/A,WWOC,1,CT NECK ANGIO W AND WO IV CONTRAST,CT,NECK
RM00009,N/A,WWOC,1,CT PELVIS ANGIO W AND WO IV CONTRAST,CT,PELVIS
RM00010,N/A,WOC,1,CT CHEST WO IV CONTRAST,CT,CHEST
RM00011,N/A,WWOC,1,CT CHEST W AND WO IV CONTRAST,CT,CHEST
RM00012,N/A,WC,1,CT CHEST W IV CONTRAST,CT,CHEST
RM00013,N/A,WWOC,1,CT CERVICAL SPINE W AND WO IV CONTRAST,CT,CERVICAL SPINE
RM00014,N/A,WC,1,CT CERVICAL SPINE W IV CONTRAST,CT,CERVICAL SPINE
RM00015,N/A,WOC,1,CT CERVICAL SPINE WO IV CONTRAST,CT,CERVICAL SPINE
RM00016,N/A,WOC,1,CT HEAD WO IV CONTRAST,CT,HEAD
RM00017,N/A,WWOC,1,CT HEAD W AND WO IV CONTRAST,CT,HEAD
RM00018,N/A,WC,1,CT HEAD W IV CONTRAST,CT,HEAD
RM00019,N/A,WOC,1,CT LUMBAR SPINE WO IV CONTRAST,CT,LUMBAR SPINE
RM00020,N/A,WWOC,1,CT LUMBAR SPINE W AND WO IV CONTRAST,CT,LUMBAR SPINE
RM00021,N/A,WC,1,CT LUMBAR SPINE W IV CONTRAST,CT,LUMBAR SPINE
RM00022,N/A,WOC,1,CT MAXILLOFACIAL WO IV CONTRAST,CT,FACE
RM00023,N/A,WWOC,1,CT MAXILLOFACIAL W AND WO IV CONTRAST,CT,FACE
RM00024,N/A,WC,1,CT MAXILLOFACIAL W IV CONTRAST,CT,FACE
RM00025,N/A,WOC,1,CT NECK WO IV CONTRAST,CT,NECK
RM00026,N/A,WWOC,1,CT NECK W AND WO IV CONTRAST,CT,NECK
RM00027,N/A,WC,1,CT NECK W IV CONTRAST,CT,NECK
RM00028,N/A,WOC,1,CT ORBITS WO IV CONTRAST,CT,FACE
RM00029,N/A,WOC,1,CT TEMPORAL BONE WO IV CONTRAST,CT,HEAD
RM00030,N/A,WWOC,1,CT ORBITS W AND WO IV CONTRAST,CT,FACE
RM00031,N/A,WWOC,1,CT TEMPORAL BONE W AND WO IV CONTRAST,CT,HEAD
RM00032,N/A,WC,1,CT ORBITS W IV CONTRAST,CT,FACE
RM00033,N/A,WC,1,CT TEMPORAL BONE W IV CONTRAST,CT,HEAD
RM00034,N/A,WOC,1,CT PELVIS WO IV CONTRAST,CT,PELVIS
RM00035,N/A,WWOC,1,CT PELVIS W AND WO IV CONTRAST,CT,PELVIS
RM00036,N/A,WC,1,CT PELVIS W IV CONTRAST,CT,PELVIS
RM00037,N/A,N/A,1,CT POST PROCESSING,CT,UNCLASSIFIED
RM00038,N/A,WOC,1,CT THORACIC SPINE WO IV CONTRAST,CT,THORACIC SPINE
RM00039,N/A,WWOC,1,CT THORACIC SPINE W AND WO IV CONTRAST,CT,THORACIC SPINE
RM00040,N/A,WC,1,CT THORACIC SPINE W IV CONTRAST,CT,THORACIC SPINE
RM00041,N/A,WOC,1,CT SINUSES WO IV CONTRAST,CT,FACE
RM00042,N/A,WC,1,CT SINUSES W IV CONTRAST,CT,FACE
RM00043,N/A,WOC,1,CT PELVIS CYSTOGRAM WO IV CONTRAST,CT,PELVIS
RM00044,N/A,WOC,1,CT SPINE WO IV CONTRAST DENSITY,CT,LUMBAR SPINE
RM00045,N/A,N/A,1,CT TEETH,CT,FACE
RM00046,N/A,WWOC,1,CT SELLA TURCICA W AND WO IV CONTRAST,CT,HEAD
RM00047,N/A,N/A,1,CT COLONOGRAPHY SCREENING,CT,ABDOMEN
RM00048,N/A,WOC,1,CT COLONOGRAPHY WO IV CONTRAST DIAGNOSTIC,CT,ABDOMEN
RM00049,N/A,N/A,1,CT GUIDANCE FOR NEEDLE PLACEMENT,CT,UNCLASSIFIED
RM00050,N/A,WC,1,CT COLONOGRAPHY W IV CONTRAST DIAGNOSTIC,CT,ABDOMEN
RM00051,N/A,N/A,1,CT LIMITED FOLLOW UP,CT,UNCLASSIFIED
RM00052,N/A,WC,1,CT HEAD W IV CONTRAST PERFUSION,CT,HEAD
RM00053,N/A,WWOC,1,CT SINUSES W AND WO IV CONTRAST,CT,FACE
RM00054,N/A,WC,1,CT SELLA TURCICA W IV CONTRAST,CT,HEAD
RM00055,N/A,WOC,1,CT SELLA TURCICA WO IV CONTRAST,CT,HEAD
RM00056,N/A,WWOC,1,CT UPPER EXTREMITY W AND WO IV CONTRAST,CT,UPPER EXTREMITY
RM00057,N/A,WC,1,CT UPPER EXTREMITY W IV CONTRAST,CT,UPPER EXTREMITY
RM00058,N/A,WOC,1,CT UPPER EXTREMITY WO IV CONTRAST,CT,UPPER EXTREMITY
RM00059,N/A,WC,1,CT CERVICAL SPINE W IV CONTRAST BY RECONSTRUCTION NEURO,CT,CERVICAL SPINE
RM00060,N/A,WOC,1,CT CERVICAL SPINE WO IV CONTRAST BY RECONSTRUCTION NEURO,CT,CERVICAL SPINE
RM00061,N/A,WWOC,1,CT ABDOMEN CHOLANGIOGRAM W AND WO IV CONTRAST,CT,ABDOMEN
RM00062,N/A,WC,1,CT LUMBAR SPINE W IV CONTRAST BY RECONSTRUCTION,CT,LUMBAR SPINE
RM00063,N/A,WOC,1,CT LUMBAR SPINE WO IV CONTRAST BY RECONSTRUCTION,CT,LUMBAR SPINE
RM00064,N/A,WOC,1,CT ABDOMEN/PELVIS WO IV CONTRAST,CT,ABDOMEN/PELVIS
RM00065,N/A,WC,1,CT ABDOMEN/PELVIS W IV CONTRAST,CT,ABDOMEN/PELVIS
RM00066,N/A,WOC,1,CT CHEST AIRWAY WO IV CONTRAST,CT,CHEST
RM00067,N/A,WC,1,CT CHEST W IV CONTRAST PULMONARY EMBOLUS,CT,CHEST
RM00068,N/A,WOC,1,CT COLONOGRAPHY WO IV CONTRAST SCREENING,CT,ABDOMEN
RM00069,N/A,WC,1,CT ABDOMEN ENTEROGRAPHY W IV CONTRAST,CT,ABDOMEN
RM00070,N/A,WC,1,CT PELVIS W IV CONTRAST BY RECONSTRUCTION,CT,PELVIS
RM00071,N/A,WOC,1,CT PELVIS WO IV CONTRAST BY RECONSTRUCTION,CT,PELVIS
RM00072,N/A,WC,1,CT THORACIC SPINE W IV CONTRAST BY RECONSTRUCTION,CT,THORACIC SPINE
RM00073,N/A,WOC,1,CT THORACIC SPINE WO IV CONTRAST BY RECONSTRUCTION,CT,THORACIC SPINE
RM00074,N/A,WWOC,1,CT ABDOMEN/PELVIS W AND WO IV CONTRAST,CT,ABDOMEN/PELVIS
RM00075,N/A,WWOC,1,CT HEAD PERFUSION XENON W AND WO IV CONTRAST,CT,HEAD
RM00076,N/A,WC,1,CT HEAD ANGIO W IV CONTRAST,CT,HEAD
RM00077,N/A,WC,1,CT NECK ANGIO W IV CONTRAST,CT,NECK
RM00078,N/A,WC,1,CT LOWER EXTREMITY W IV CONTRAST,CT,LOWER EXTREMITY
RM00079,N/A,WOC,1,CT LOWER EXTREMITY WO IV CONTRAST,CT,LOWER EXTREMITY
RM00080,N/A,WWOC,1,CT LOWER EXTREMITY W AND WO IV CONTRAST,CT,LOWER EXTREMITY
RM00081,N/A,WOC,1,CT LOWER EXTREMITY WO IV CONTRAST LEG LENGTH,CT,LOWER EXTREMITY
RM00082,N/A,WOC,1,CT HEART WO IV CONTRAST CALCIUM SCORING,CT,HEART
RM00083,N/A,WWOC,1,CT UPPER EXTREMITY ANGIO W AND WO IV CONTRAST,CT,UPPER EXTREMITY
RM00084,N/A,WOC,1,CT TEMPORAL BONE WO IV CONTRAST BY RECONSTRUCTION,CT,HEAD
RM00085,N/A,WOC,1,CT PELVIS WO IV CONTRAST POST PROCESSING,CT,PELVIS
RM00086,N/A,WOC,1,CT CHEST WO IV CONTRAST POST PROCESSING,CT,CHEST
RM00087,BILATERAL,WWOC,1,CT ABDOMINAL AORTA/ILIOFEMORAL RUNOFF ANGIO W AND WO IV CONTRAST BILATERAL,CT,ABDOMEN/CHEST
RM00088,N/A,WOC,1,CT ABDOMEN WO IV CONTRAST POST PROCESSING,CT,ABDOMEN
RM00089,N/A,WOC,1,CT ABDOMEN/PELVIS WO IV CONTRAST POST PROCESSING,CT,ABDOMEN/PELVIS
RM00090,N/A,WOC,1,CT CHEST/ABDOMEN/PELVIS WO IV CONTRAST POST PROCESSING,CT,ABDOMEN/PELVIS
RM00091,N/A,WOC,1,CT CHEST/ABDOMEN WO IV CONTRAST POST PROCESSING,CT,ABDOMEN/CHEST
RM00092,N/A,WC,1,CT CHEST W IV CONTRAST SCREENING,CT,CHEST
RM00093,N/A,WOC,1,CT CHEST WO IV CONTRAST LUNG PARENCHYMA,CT,CHEST
RM00094,N/A,WOC,1,CT CHEST WO IV CONTRAST SCREENING,CT,CHEST
RM00095,N/A,WC,1,CT HEART CORONARY ARTERIES ANGIO W IV CONTRAST,CT,HEART
RM00096,N/A,WC,1,CT HEART W IV CONTRAST CONGENTIAL HEART DISEASE,CT,HEART
RM00097,N/A,WC,1,CT HEART W IV CONTRAST STRUCTURE MORPHOLOGY,CT,HEART
RM00098,N/A,WC,1,CT TEMPORAL BONE W IV CONTRAST BY RECONSTRUCTION,CT,HEAD
RM00099,N/A,N/A,1,CT UROGRAM POST PROCESSING,CT,PELVIS
RM00100,N/A,N/A,1,CT TREATMENT PLANNING COMPLEX,CT,UNCLASSIFIED
RM00101,N/A,N/A,1,CT TREATMENT PLANNING INTERMEDIATE,CT,UNCLASSIFIED
RM00102,N/A,N/A,1,CT TREATMENT PLANNING SIMPLE,CT,UNCLASSIFIED
RM00103,N/A,N/A,1,CT SCANOGRAM,CT,UNCLASSIFIED
RM00104,N/A,N/A,1,DXA BONE DENSITY EXTREMITY,BMD,BONE DENSITY
RM00105,N/A,N/A,1,DXA BONE DENSITY EXTREMITY WRIST,BMD,BONE DENSITY/WRIST
RM00106,N/A,N/A,1,DXA BONE DENSITY AXIAL,BMD,BONE DENSITY
RM00107,N/A,N/A,1,DXA BONE DENSITY SPINE FRACTURE,BMD,BONE DENSITY/LUMBAR SPINE
RM00108,N/A,N/A,2,FL/XR CHEST 2 VIEWS WITH FLUORO,FL,CHEST
RM00109,N/A,N/A,4,FL/XR CHEST 4+ VIEWS WITH FLUORO,FL,CHEST
RM00110,N/A,N/A,1,FL SALIVARY GLAND,FL,NECK
RM00111,N/A,N/A,1,FL BLADDER DRAINAGE,FL,PELVIS
RM00112,N/A,N/A,1,FL FEEDING TUBE ADVANCEMENT,FL,ABDOMEN
RM00113,N/A,N/A,1,FL BARIUM ENEMA REDUCE INTUSSUSCEPTION,FL,ABDOMEN
RM00114,N/A,N/A,1,FL GUIDANCE FOR NEEDLE PLACEMENT,FL,UNCLASSIFIED
RM00115,N/A,N/A,1,FL BARIUM ENEMA DOUBLE CONTRAST SCREENING,FL,ABDOMEN
RM00116,N/A,N/A,1,FL SNIFF TEST,FL,ABDOMEN
RM00117,N/A,N/A,1,FL BARIUM ENEMA SINGLE CONTRAST,FL,ABDOMEN
RM00118,N/A,N/A,1,FL BARIUM ENEMA DOUBLE CONTRAST,FL,ABDOMEN
RM00119,N/A,N/A,1,FL ESOPHAGUS PHARYNX,FL,ABDOMEN/NECK
RM00120,N/A,N/A,1,FL ESOPHAGUS BARIUM SWALLOW,FL,ABDOMEN
RM00121,N/A,N/A,1,FL UPPER GI DOUBLE CONTRAST WITH SMALL BOWEL FOLLOW THROUGH,FL,ABDOMEN
RM00122,N/A,N/A,1,FL UPPER GI SINGLE CONTRAST WITH SMALL BOWEL FOLLOW THROUGH,FL,ABDOMEN
RM00123,N/A,N/A,1,FL UPPER GI DOUBLE CONTRAST,FL,ABDOMEN
RM00124,N/A,N/A,1,FL UPPER GI SINGLE CONTRAST BARIUM,FL,ABDOMEN
RM00125,N/A,N/A,1,FL BARIUM ENEMA SINGLE CONTRAST WATER SOLUBLE,FL,ABDOMEN
RM00126,N/A,N/A,1,FL ESOPHAGUS BARIUM SWALLOW SINGLE CONTRAST WATER SOLUBLE,FL,ABDOMEN
RM00127,N/A,N/A,1,FL UPPER GI SINGLE CONTRAST WATER SOLUBLE,FL,ABDOMEN
RM00128,N/A,N/A,1,FL ELBOW ARTHROGRAM,FL,ELBOW
RM00129,N/A,N/A,1,FL CYSTOGRAM,FL,PELVIS
RM00130,N/A,N/A,1,FL GUIDANCE,FL,UNCLASSIFIED
RM00131,N/A,N/A,1,FL LESS THAN 1 HOUR INTRAOPERATIVE,FL,UNCLASSIFIED
RM00132,N/A,N/A,1,FL PORTABLE,FL,UNCLASSIFIED
RM00133,N/A,N/A,1,FL WHITAKER TEST,FL,ABDOMEN
RM00134,N/A,N/A,1,FL SMALL BOWEL ENEMA,FL,ABDOMEN
RM00135,N/A,N/A,1,FL SMALL BOWEL FOLLOW THROUGH,FL,ABDOMEN
RM00136,N/A,N/A,1,FL CHEST,FL,CHEST
RM00137,N/A,N/A,1,FL MORE THAN 1 HOUR,FL,UNCLASSIFIED
RM00138,N/A,N/A,1,FL LESS THAN 1 HOUR,FL,UNCLASSIFIED
RM00139,N/A,N/A,1,FL/XR UPPER GI DOUBLE CONTRAST WITH ABDOMINAL RADIOGRAPH,FL,ABDOMEN
RM00140,N/A,N/A,1,FL/XR UPPER GI SINGLE CONTRAST WITH ABDOMINAL RADIOGRAPH,FL,ABDOMEN
RM00141,N/A,N/A,1,FL ANKLE ARTHROGRAM,FL,ANKLE
RM00142,N/A,N/A,1,FL BLADDER DRAINAGE SUPRAPUBIC,FL,PELVIS
RM00143,N/A,N/A,1,FL CATHETERIZATION OF FALLOPIAN TUBE,FL,PELVIS
RM00144,N/A,N/A,1,FL CISTERNOGRAM,FL,HEAD
RM00145,N/A,N/A,1,FL ORAL CHOLECYSTOGRAM,FL,ABDOMEN
RM00146,N/A,N/A,1,FL CHOLECYSTOGRAM POST FATTY MEAL,FL,ABDOMEN
RM00147,N/A,N/A,1,FL INTRAVENOUS CHOLANGIOGRAM,FL,ABDOMEN
RM00148,N/A,N/A,1,FL CHOLANGIOGRAM INTRAOPERATIVE,FL,ABDOMEN
RM00149,N/A,N/A,1,FL CHOLANGIOGRAM INTRAOPERATIVE ADDITIONAL,FL,ABDOMEN
RM00150,N/A,N/A,1,FL CERVICAL SPINE DISCOGRAM,FL,CERVICAL SPINE
RM00151,N/A,N/A,1,FL CERVICAL SPINE MYELOGRAM,FL,CERVICAL SPINE/LUMBAR SPINE
RM00152,N/A,N/A,1,FL CYSTOURETHROGRAM,FL,PELVIS
RM00153,N/A,N/A,1,FL DEFECOGRAPHY,FL,ABDOMEN
RM00154,N/A,N/A,1,FL ERCP BILIARY,FL,ABDOMEN
RM00155,N/A,N/A,1,FL ERCP BILIARY AND PANCREAS,FL,ABDOMEN
RM00156,N/A,N/A,1,FL ERCP PANCREAS,FL,ABDOMEN
RM00157,N/A,N/A,1,FL ESOPHAGUS BARIUM SWALLOWING FUNCTION SINGLE CONTRAST WITH VIDEO,FL,ABDOMEN
RM00158,N/A,N/A,1,FL FISTULA GASTROINTESTINAL,FL,ABDOMEN
RM00159,N/A,N/A,1,FL FISTULA GENITOURINARY,FL,PELVIS
RM00160,N/A,N/A,1,FL FISTULA SINUS TRACT,FL,FACE
RM00161,N/A,N/A,1,FL FEEDING TUBE CHECK,FL,ABDOMEN
RM00162,N/A,N/A,1,FL FLEEDING TUBE PLACEMENT LONG,FL,UNCLASSIFIED
RM00163,N/A,N/A,1,FL TUBE CHANGE,FL,UNCLASSIFIED
RM00164,N/A,N/A,1,FL HIP ARTHROGRAM,FL,HIP
RM00165,N/A,N/A,1,FL HYSTEROSALPINGOGRAM,FL,PELVIS
RM00166,N/A,N/A,1,FL INJECTION NON-VASCULAR SHUNT,FL,HEAD
RM00167,N/A,N/A,1,FL INTRAVENOUS UROGRAM,FL,PELVIS
RM00168,N/A,N/A,1,FL INTRAVENOUS UROGRAM LIMITED,FL,PELVIS
RM00169,N/A,N/A,1,FL JOINT ASPIRATION,FL,UNCLASSIFIED
RM00170,N/A,N/A,1,FL KIDNEY MANOMETRY,FL,ABDOMEN
RM00171,N/A,N/A,1,FL KNEE ARTHROGRAM,FL,KNEE
RM00172,N/A,N/A,1,FL GUIDANCE FOR LUMBAR PUNCTURE,FL,LUMBAR SPINE
RM00173,N/A,N/A,1,FL L-SPINE DISCOGRAM,FL,LUMBAR SPINE
RM00174,N/A,N/A,1,FL LUMBAR SPINE MYELOGRAM,FL,LUMBAR SPINE
RM00175,N/A,N/A,1,FL LOOPOGRAM,FL,ABDOMEN
RM00176,N/A,N/A,1,FL POSTERIOR FOSSA MYELOGRAM,FL,HEAD/LUMBAR SPINE
RM00177,BILATERAL,N/A,1,FL POSTERIOR FOSSA MYELOGRAM BILATERAL,FL,HEAD/LUMBAR SPINE
RM00178,N/A,N/A,1,FL POSTERIOR FOSSA MYELOGRAM UNILATERAL,FL,HEAD/LUMBAR SPINE
RM00179,N/A,N/A,1,FL POUCHOGRAM,FL,ABDOMEN
RM00180,N/A,N/A,1,FL PYELOGRAM ANTEGRADE,FL,PELVIS
RM00181,N/A,N/A,1,FL PYELOGRAM ANTEGRADE NEPHROSTOMY,FL,ABDOMEN/PELVIS
RM00182,N/A,N/A,1,FL PYELOGRAM RETROGRADE,FL,PELVIS
RM00183,BILATERAL,N/A,1,FL PYELOGRAM RETROGRADE BILATERAL,FL,PELVIS
RM00184,N/A,N/A,1,FL PYELOGRAM RETROGRADE INTRAOPERATIVE,FL,PELVIS
RM00185,N/A,N/A,1,FL SALIVARY GLAND SIALOGRAM,FL,NECK
RM00186,N/A,N/A,1,FL SHOULDER ARTHROGRAM,FL,SHOULDER
RM00187,N/A,N/A,1,FL SHOULDER ARTHROGRAM LIMITED,FL,SHOULDER
RM00188,N/A,N/A,1,FL SPINE MYELOGRAM,FL,LUMBAR SPINE
RM00189,N/A,N/A,1,FL SEMINAL VESICULOGRAM,FL,PELVIS
RM00190,N/A,N/A,1,FL ESOPHAGUS BARIUM SWALLOWING FUNCTION WITH VIDEO AND SPEECH,FL,ABDOMEN
RM00191,N/A,N/A,1,FL TEMPOROMANDIBULAR JOINT ARTHROGRAM,FL,FACE
RM00192,N/A,N/A,1,FL THORACIC SPINE MYELOGRAM,FL,THORACIC SPINE/LUMBAR SPINE
RM00193,N/A,N/A,1,FL URETHROGRAM RETROGRADE,FL,PELVIS
RM00194,N/A,N/A,1,FL VOIDING CYSTOURETHROGRAM,FL,PELVIS
RM00195,N/A,N/A,1,FL WRIST ARTHROGRAM,FL,WRIST
RM00196,N/A,N/A,1,FL FEEDING TUBE PLACEMENT,FL,ABDOMEN
RM00197,N/A,N/A,1,MG BREAST SPECIMEN,MG,BREAST
RM00198,LEFT,N/A,1,MG BREAST SPECIMEN LEFT,MG,BREAST
RM00199,RIGHT,N/A,1,MG BREAST SPECIMEN RIGHT,MG,BREAST
RM00200,N/A,N/A,1,MG BREAST DIAGNOSTIC,MG,BREAST
RM00201,BILATERAL,N/A,1,MG BREAST DIAGNOSTIC BILATERAL,MG,BREAST
RM00202,N/A,N/A,1,MG BREAST DIAGNOSTIC RESEARCH,MG,BREAST
RM00203,LEFT,N/A,1,MG BREAST DIAGNOSTIC RESEARCH LEFT,MG,BREAST
RM00204,RIGHT,N/A,1,MG BREAST DIAGNOSTIC RESEARCH RIGHT,MG,BREAST
RM00205,BILATERAL,N/A,1,MG BREAST DIAGNOSTIC RESEARCH BILATERAL,MG,BREAST
RM00206,LEFT,N/A,1,MG BREAST DIAGNOSTIC LEFT WITH ULTRASOUND IF NEEDED,MG,BREAST
RM00207,RIGHT,N/A,1,MG BREAST DIAGNOSTIC RIGHT,MG,BREAST
RM00208,RIGHT,N/A,1,MG BREAST DIAGNOSTIC RIGHT WITH ULTRASOUND IF NEEDED,MG,BREAST
RM00209,LEFT,N/A,1,MG BREAST DIAGNOSTIC LEFT,MG,BREAST
RM00210,N/A,N/A,1,MG BREAST DUCTOGRAM,MG,BREAST
RM00211,LEFT,N/A,1,MG BREAST DUCTOGRAM LEFT,MG,BREAST
RM00212,RIGHT,N/A,1,MG BREAST DUCTOGRAM RIGHT,MG,BREAST
RM00213,BILATERAL,N/A,1,MG BREAST DUCTOGRAM BILATERAL,MG,BREAST
RM00214,N/A,N/A,1,MG BREAST SCREENING IMPLANTS,MG,BREAST
RM00215,LEFT,N/A,1,MG BREAST SCREENING IMPLANTS LEFT,MG,BREAST
RM00216,RIGHT,N/A,1,MG BREAST SCREENING IMPLANTS RIGHT,MG,BREAST
RM00217,BILATERAL,N/A,1,MG BREAST SCREENING IMPLANTS BILATERAL,MG,BREAST
RM00218,N/A,N/A,1,MG BREAST ADDENDUM,MG,BREAST
RM00219,LEFT,N/A,1,MG BREAST ADDENDUM LEFT,MG,BREAST
RM00220,RIGHT,N/A,1,MG BREAST ADDENDUM RIGHT,MG,BREAST
RM00221,BILATERAL,N/A,1,MG BREAST ADDENDUM BILATERAL,MG,BREAST
RM00222,N/A,N/A,1,MG BREAST BIOPSY OUTSIDE,MG,BREAST
RM00223,LEFT,N/A,1,MG BREAST BIOPSY OUTSIDE LEFT,MG,BREAST
RM00224,RIGHT,N/A,1,MG BREAST BIOPSY OUTSIDE RIGHT,MG,BREAST
RM00225,BILATERAL,N/A,1,MG BREAST BIOPSY OUTSIDE BILATERAL,MG,BREAST
RM00226,N/A,N/A,1,MG BREAST DIAGNOSTIC CALL BACK,MG,BREAST
RM00227,BILATERAL,N/A,1,MG BREAST DIAGNOSTIC CALL BACK BILATERAL,MG,BREAST
RM00228,N/A,N/A,1,MG BREAST SCREENING,MG,BREAST
RM00229,LEFT,N/A,1,MG BREAST SCREENING LEFT,MG,BREAST
RM00230,RIGHT,N/A,1,MG BREAST SCREENING RIGHT,MG,BREAST
RM00231,BILATERAL,N/A,1,MG BREAST SCREENING BILATERAL,MG,BREAST
RM00232,N/A,N/A,1,MG BREAST DIAGNOSTIC UNILATERAL POST BIOPSY CLIP,MG,BREAST
RM00233,LEFT,N/A,1,MG BREAST DIAGNOSTIC UNILATERAL POST BIOPSY CLIP LEFT,MG,BREAST
RM00234,RIGHT,N/A,1,MG BREAST DIAGNOSTIC UNILATERAL POST BIOPSY CLIP RIGHT,MG,BREAST
RM00235,BILATERAL,N/A,1,MG BREAST DIAGNOSTIC UNILATERAL POST BIOPSY CLIP BILATERAL,MG,BREAST
RM00236,LEFT,N/A,1,MG BREAST CYST ASPIRATION ADDITIONAL AREA WITH GUIDANCE LEFT,MG,BREAST
RM00237,RIGHT,N/A,1,MG BREAST CYST ASPIRATION ADDITIONAL AREA WITH GUIDANCE RIGHT,MG,BREAST
RM00238,LEFT,N/A,1,MG BREAST DIAGNOSTIC CALL BACK LEFT,MG,BREAST
RM00239,RIGHT,N/A,1,MG BREAST DIAGNOSTIC CALL BACK RIGHT,MG,BREAST
RM00240,LEFT,N/A,1,MG BREAST CLIP WITH GUIDANCE LEFT,MG,BREAST
RM00241,RIGHT,N/A,1,MG BREAST CLIP WITH GUIDANCE RIGHT,MG,BREAST
RM00242,LEFT,N/A,1,MG BREAST NEEDLE LOC ADDITIONAL AREA WITH GUIDANCE LEFT,MG,BREAST
RM00243,RIGHT,N/A,1,MG BREAST NEEDLE LOC ADDITIONAL AREA WITH GUIDANCE RIGHT,MG,BREAST
RM00244,BILATERAL,N/A,1,MG BREAST NEEDLE LOC WITH SPECIMEN MG WITH GUIDANCE BILATERAL,MG,BREAST
RM00245,LEFT,N/A,1,MG BREAST NEEDLE LOC WITH GUIDANCE LEFT,MG,BREAST
RM00246,RIGHT,N/A,1,MG BREAST NEEDLE LOC WITH GUIDANCE RIGHT,MG,BREAST
RM00247,LEFT,N/A,1,MG BREAST NEEDLE LOC WITH SPECIMEN MG WITH GUIDANCE LEFT,MG,BREAST
RM00248,RIGHT,N/A,1,MG BREAST NEEDLE LOC WITH SPECIMEN MG WITH GUIDANCE RIGHT,MG,BREAST
RM00249,LEFT,N/A,1,MG BREAST BIOPSY WITH STEREOTACTIC ADDITIONAL AREA GUIDANCE LEFT,MG,BREAST
RM00250,RIGHT,N/A,1,MG BREAST BIOPSY WITH STEREOTACTIC ADDITIONAL AREA GUIDANCE RIGHT,MG,BREAST
RM00251,LEFT,N/A,1,MG BREAST BIOPSY WITH STEREOTACTIC GUIDANCE LEFT,MG,BREAST
RM00252,RIGHT,N/A,1,MG BREAST BIOPSY WITH STEREOTACTIC GUIDANCE RIGHT,MG,BREAST
RM00253,LEFT,N/A,1,MG BREAST BIOPSY VACUUM ADDITIONAL AREA WITH GUIDANCE LEFT,MG,BREAST
RM00254,RIGHT,N/A,1,MG BREAST BIOPSY VACUUM ADDITIONAL AREA WITH GUIDANCE RIGHT,MG,BREAST
RM00255,LEFT,N/A,1,MG BREAST BIOPSY VACUUM WITH GUIDANCE LEFT,MG,BREAST
RM00256,RIGHT,N/A,1,MG BREAST BIOPSY VACUUM WITH GUIDANCE RIGHT,MG,BREAST
RM00257,N/A,N/A,1,MG BREAST DIAGNOSTIC CALL BACK TECHNICAL,MG,BREAST
RM00258,LEFT,N/A,1,MG BREAST DIAGNOSTIC CALL BACK TECHNICAL LEFT,MG,BREAST
RM00259,RIGHT,N/A,1,MG BREAST DIAGNOSTIC CALL BACK TECHNICAL RIGHT,MG,BREAST
RM00260,BILATERAL,N/A,1,MG BREAST DIAGNOSTIC CALL BACK TECHNICAL BILATERAL,MG,BREAST
RM00261,BILATERAL,N/A,1,MG BREAST DIAGNOSTIC TOMOSYNTHESIS BILATERAL,MG,BREAST
RM00262,LEFT,N/A,1,MG BREAST DIAGNOSTIC TOMOSYNTHESIS LEFT,MG,BREAST
RM00263,RIGHT,N/A,1,MG BREAST DIAGNOSTIC TOMOSYNTHESIS RIGHT,MG,BREAST
RM00264,BILATERAL,N/A,1,MG BREAST SCREENING TOMOSYNTHESIS BILATERAL,MG,BREAST
RM00265,N/A,N/A,1,MR POST PROCESSING,MR,UNCLASSIFIED
RM00266,N/A,WWOC,1,MR UPPER EXTREMITY ANGIO W AND WO IV CONTRAST,MR,UPPER EXTREMITY
RM00267,LEFT,WWOC,1,MR UPPER EXTREMITY ANGIO W AND WO IV CONTRAST LEFT,MR,UPPER EXTREMITY
RM00268,RIGHT,WWOC,1,MR UPPER EXTREMITY ANGIO W AND WO IV CONTRAST RIGHT,MR,UPPER EXTREMITY
RM00269,BILATERAL,WWOC,1,MR UPPER EXTREMITY ANGIO W AND WO IV CONTRAST BILATERAL,MR,UPPER EXTREMITY
RM00270,N/A,WWOC,1,MR ABDOMEN ANGIO W AND WO IV CONTRAST,MR,ABDOMEN
RM00271,N/A,WWOC,1,MR CHEST ANGIO W AND WO IV CONTRAST,MR,CHEST
RM00272,N/A,WWOC,1,MR HEAD ANGIO W AND WO IV CONTRAST,MR,HEAD
RM00273,N/A,WOC,1,MR HEAD ANGIO WO IV CONTRAST,MR,HEAD
RM00274,N/A,WWOC,1,MR LOWER EXTREMITY ANGIO W AND WO IV CONTRAST,MR,LOWER EXTREMITY
RM00275,LEFT,WWOC,1,MR LOWER EXTREMITY ANGIO W AND WO IV CONTRAST LEFT,MR,LOWER EXTREMITY
RM00276,RIGHT,WWOC,1,MR LOWER EXTREMITY ANGIO W AND WO IV CONTRAST RIGHT,MR,LOWER EXTREMITY
RM00277,BILATERAL,WWOC,1,MR LOWER EXTREMITY ANGIO W AND WO IV CONTRAST BILATERAL,MR,LOWER EXTREMITY
RM00278,N/A,WWOC,1,MR NECK ANGIO W AND WO IV CONTRAST,MR,NECK
RM00279,N/A,WOC,1,MR NECK ANGIO WO IV CONTRAST,MR,NECK
RM00280,N/A,WWOC,1,MR PELVIS ANGIO W AND WO IV CONTRAST,MR,PELVIS
RM00281,N/A,WOC,1,MR FOREARM WO IV CONTRAST,MR,FOREARM
RM00282,LEFT,WOC,1,MR FOREARM WO IV CONTRAST LEFT,MR,FOREARM
RM00283,RIGHT,WOC,1,MR FOREARM WO IV CONTRAST RIGHT,MR,FOREARM
RM00284,BILATERAL,WOC,1,MR FOREARM WO IV CONTRAST BILATERAL,MR,FOREARM
RM00285,N/A,WOC,1,MR ABDOMEN WO IV CONTRAST,MR,ABDOMEN
RM00286,N/A,WWOC,1,MR ABDOMEN W AND WO IV CONTRAST,MR,ABDOMEN
RM00287,N/A,WC,1,MR ABDOMEN W IV CONTRAST,MR,ABDOMEN
RM00288,N/A,WOC,1,MR BONE MARROW WO IV CONTRAST,MR,ENTIRE BODY
RM00289,N/A,WOC,1,MR BRACHIAL PLEXUS WO IV CONTRAST,MR,NECK
RM00290,N/A,WOC,1,MR HEAD WO IV CONTRAST,MR,HEAD
RM00291,N/A,WWOC,1,MR HEAD W AND WO IV CONTRAST,MR,HEAD
RM00292,N/A,WC,1,MR HEAD W IV CONTRAST,MR,HEAD
RM00293,N/A,WOC,1,MR CALF WO IV CONTRAST,MR,TIB FIB
RM00294,LEFT,WOC,1,MR CALF WO IV CONTRAST LEFT,MR,TIB FIB
RM00295,RIGHT,WOC,1,MR CALF WO IV CONTRAST RIGHT,MR,TIB FIB
RM00296,BILATERAL,WOC,1,MR CALF WO IV CONTRAST BILATERAL,MR,TIB FIB
RM00297,N/A,WWOC,1,MR CERVICAL SPINE W AND WO IV CONTRAST,MR,CERVICAL SPINE
RM00298,N/A,WC,1,MR CERVICAL SPINE W IV CONTRAST,MR,CERVICAL SPINE
RM00299,N/A,WOC,1,MR CHEST WO IV CONTRAST,MR,CHEST
RM00300,N/A,WWOC,1,MR CHEST W AND WO IV CONTRAST,MR,CHEST
RM00301,N/A,WC,1,MR CHEST W IV CONTRAST,MR,CHEST
RM00302,N/A,WOC,1,MR FINGER WO IV CONTRAST,MR,FINGERS
RM00303,LEFT,WOC,1,MR FINGER WO IV CONTRAST LEFT,MR,FINGERS
RM00304,RIGHT,WOC,1,MR FINGER WO IV CONTRAST RIGHT,MR,FINGERS
RM00305,N/A,WOC,1,MR FOOT WO IV CONTRAST,MR,FOOT
RM00306,LEFT,WOC,1,MR FOOT WO IV CONTRAST LEFT,MR,FOOT
RM00307,RIGHT,WOC,1,MR FOOT WO IV CONTRAST RIGHT,MR,FOOT
RM00308,BILATERAL,WOC,1,MR FOOT WO IV CONTRAST BILATERAL,MR,FOOT
RM00309,N/A,WOC,1,MR HAND WO IV CONTRAST,MR,HAND
RM00310,LEFT,WOC,1,MR HAND WO IV CONTRAST LEFT,MR,HAND
RM00311,RIGHT,WOC,1,MR HAND WO IV CONTRAST RIGHT,MR,HAND
RM00312,BILATERAL,WOC,1,MR HAND WO IV CONTRAST BILATERAL,MR,HAND
RM00313,N/A,WC,1,MR LOWER EXTREMITY W IV CONTRAST,MR,LOWER EXTREMITY
RM00314,LEFT,WC,1,MR LOWER EXTREMITY W IV CONTRAST LEFT,MR,LOWER EXTREMITY
RM00315,RIGHT,WC,1,MR LOWER EXTREMITY W IV CONTRAST RIGHT,MR,LOWER EXTREMITY
RM00316,BILATERAL,WC,1,MR LOWER EXTREMITY W IV CONTRAST BILATERAL,MR,LOWER EXTREMITY
RM00317,N/A,WOC,1,MR LOWER EXTREMITY WO IV CONTRAST,MR,LOWER EXTREMITY
RM00318,LEFT,WOC,1,MR LOWER EXTREMITY WO IV CONTRAST LEFT,MR,LOWER EXTREMITY
RM00319,RIGHT,WOC,1,MR LOWER EXTREMITY WO IV CONTRAST RIGHT,MR,LOWER EXTREMITY
RM00320,BILATERAL,WOC,1,MR LOWER EXTREMITY WO IV CONTRAST BILATERAL,MR,LOWER EXTREMITY
RM00321,N/A,N/A,1,MR LOWER EXTREMITY ARTHROGRAM,MR,LOWER EXTREMITY
RM00322,LEFT,N/A,1,MR LOWER EXTREMITY ARTHROGRAM LEFT,MR,LOWER EXTREMITY
RM00323,RIGHT,N/A,1,MR LOWER EXTREMITY ARTHROGRAM RIGHT,MR,LOWER EXTREMITY
RM00324,BILATERAL,N/A,1,MR LOWER EXTREMITY ARTHROGRAM BILATERAL,MR,LOWER EXTREMITY
RM00325,N/A,WWOC,1,MR LOWER EXTREMITY JOINT W AND WO IV CONTRAST,MR,LOWER EXTREMITY
RM00326,LEFT,WWOC,1,MR LOWER EXTREMITY JOINT W AND WO IV CONTRAST LEFT,MR,LOWER EXTREMITY
RM00327,RIGHT,WWOC,1,MR LOWER EXTREMITY JOINT W AND WO IV CONTRAST RIGHT,MR,LOWER EXTREMITY
RM00328,BILATERAL,WWOC,1,MR LOWER EXTREMITY JOINT W AND WO IV CONTRAST BILATERAL,MR,LOWER EXTREMITY
RM00329,N/A,WOC,1,MR LOWER EXTREMITY JOINT WO IV CONTRAST,MR,LOWER EXTREMITY
RM00330,LEFT,WOC,1,MR LOWER EXTREMITY JOINT WO IV CONTRAST LEFT,MR,LOWER EXTREMITY
RM00331,RIGHT,WOC,1,MR LOWER EXTREMITY JOINT WO IV CONTRAST RIGHT,MR,LOWER EXTREMITY
RM00332,BILATERAL,WOC,1,MR LOWER EXTREMITY JOINT WO IV CONTRAST BILATERAL,MR,LOWER EXTREMITY
RM00333,N/A,WWOC,1,MR LUMBAR SPINE W AND WO IV CONTRAST,MR,LUMBAR SPINE
RM00334,N/A,WC,1,MR LUMBAR SPINE W IV CONTRAST,MR,LUMBAR SPINE
RM00335,N/A,WOC,1,MR MEDIASTINUM WO IV CONTRAST,MR,CHEST
RM00336,N/A,WWOC,1,MR MEDIASTINUM W AND WO IV CONTRAST,MR,CHEST
RM00337,N/A,WC,1,MR ORBITS W IV CONTRAST,MR,FACE
RM00338,N/A,WC,1,MR FACE W IV CONTRAST,MR,FACE
RM00339,N/A,WOC,1,MR NECK WO IV CONTRAST,MR,NECK
RM00340,N/A,WOC,1,MR ORBITS WO IV CONTRAST,MR,FACE
RM00341,N/A,WOC,1,MR FACE WO IV CONTRAST,MR,FACE
RM00342,N/A,WWOC,1,MR NECK W AND WO IV CONTRAST,MR,NECK
RM00343,N/A,WWOC,1,MR ORBITS W AND WO IV CONTRAST,MR,FACE
RM00344,N/A,WWOC,1,MR FACE W AND WO IV CONTRAST,MR,FACE
RM00345,N/A,WOC,1,MR ANKLE WO IV CONTRAST,MR,ANKLE
RM00346,LEFT,WOC,1,MR ANKLE WO IV CONTRAST LEFT,MR,ANKLE
RM00347,RIGHT,WOC,1,MR ANKLE WO IV CONTRAST RIGHT,MR,ANKLE
RM00348,BILATERAL,WOC,1,MR ANKLE WO IV CONTRAST BILATERAL,MR,ANKLE
RM00349,N/A,WWOC,1,MR ANKLE W AND WO IV CONTRAST,MR,ANKLE
RM00350,LEFT,WWOC,1,MR ANKLE W AND WO IV CONTRAST LEFT,MR,ANKLE
RM00351,RIGHT,WWOC,1,MR ANKLE W AND WO IV CONTRAST RIGHT,MR,ANKLE
RM00352,BILATERAL,WWOC,1,MR ANKLE W AND WO IV CONTRAST BILATERAL,MR,ANKLE
RM00353,N/A,WC,1,MR ANKLE W IV CONTRAST,MR,ANKLE
RM00354,LEFT,WC,1,MR ANKLE W IV CONTRAST LEFT,MR,ANKLE
RM00355,RIGHT,WC,1,MR ANKLE W IV CONTRAST RIGHT,MR,ANKLE
RM00356,BILATERAL,WC,1,MR ANKLE W IV CONTRAST BILATERAL,MR,ANKLE
RM00357,N/A,WOC,1,MR ELBOW WO IV CONTRAST,MR,ELBOW
RM00358,LEFT,WOC,1,MR ELBOW WO IV CONTRAST LEFT,MR,ELBOW
RM00359,RIGHT,WOC,1,MR ELBOW WO IV CONTRAST RIGHT,MR,ELBOW
RM00360,BILATERAL,WOC,1,MR ELBOW WO IV CONTRAST BILATERAL,MR,ELBOW
RM00361,N/A,WWOC,1,MR ELBOW W AND WO IV CONTRAST,MR,ELBOW
RM00362,LEFT,WWOC,1,MR ELBOW W AND WO IV CONTRAST LEFT,MR,ELBOW
RM00363,RIGHT,WWOC,1,MR ELBOW W AND WO IV CONTRAST RIGHT,MR,ELBOW
RM00364,BILATERAL,WWOC,1,MR ELBOW W AND WO IV CONTRAST BILATERAL,MR,ELBOW
RM00365,N/A,WC,1,MR ELBOW W IV CONTRAST,MR,ELBOW
RM00366,LEFT,WC,1,MR ELBOW W IV CONTRAST LEFT,MR,ELBOW
RM00367,RIGHT,WC,1,MR ELBOW W IV CONTRAST RIGHT,MR,ELBOW
RM00368,BILATERAL,WC,1,MR ELBOW W IV CONTRAST BILATERAL,MR,ELBOW
RM00369,N/A,WOC,1,MR HIP WO IV CONTRAST,MR,HIP
RM00370,LEFT,WOC,1,MR HIP WO IV CONTRAST LEFT,MR,HIP
RM00371,RIGHT,WOC,1,MR HIP WO IV CONTRAST RIGHT,MR,HIP
RM00372,BILATERAL,WOC,1,MR HIP WO IV CONTRAST BILATERAL,MR,HIP
RM00373,N/A,WWOC,1,MR HIP W AND WO IV CONTRAST,MR,HIP
RM00374,LEFT,WWOC,1,MR HIP W AND WO IV CONTRAST LEFT,MR,HIP
RM00375,RIGHT,WWOC,1,MR HIP W AND WO IV CONTRAST RIGHT,MR,HIP
RM00376,BILATERAL,WWOC,1,MR HIP W AND WO IV CONTRAST BILATERAL,MR,HIP
RM00377,N/A,WC,1,MR HIP W IV CONTRAST,MR,HIP
RM00378,LEFT,WC,1,MR HIP W IV CONTRAST LEFT,MR,HIP
RM00379,RIGHT,WC,1,MR HIP W IV CONTRAST RIGHT,MR,HIP
RM00380,BILATERAL,WC,1,MR HIP W IV CONTRAST BILATERAL,MR,HIP
RM00381,N/A,WOC,1,MR KNEE WO IV CONTRAST,MR,KNEE
RM00382,LEFT,WOC,1,MR KNEE WO IV CONTRAST LEFT,MR,KNEE
RM00383,RIGHT,WOC,1,MR KNEE WO IV CONTRAST RIGHT,MR,KNEE
RM00384,BILATERAL,WOC,1,MR KNEE WO IV CONTRAST BILATERAL,MR,KNEE
RM00385,N/A,WWOC,1,MR KNEE W AND WO IV CONTRAST,MR,KNEE
RM00386,LEFT,WWOC,1,MR KNEE W AND WO IV CONTRAST LEFT,MR,KNEE
RM00387,RIGHT,WWOC,1,MR KNEE W AND WO IV CONTRAST RIGHT,MR,KNEE
RM00388,BILATERAL,WWOC,1,MR KNEE W AND WO IV CONTRAST BILATERAL,MR,KNEE
RM00389,N/A,WC,1,MR KNEE W IV CONTRAST,MR,KNEE
RM00390,LEFT,WC,1,MR KNEE W IV CONTRAST LEFT,MR,KNEE
RM00391,RIGHT,WC,1,MR KNEE W IV CONTRAST RIGHT,MR,KNEE
RM00392,BILATERAL,WC,1,MR KNEE W IV CONTRAST BILATERAL,MR,KNEE
RM00393,N/A,WOC,1,MR SHOULDER WO IV CONTRAST,MR,SHOULDER
RM00394,LEFT,WOC,1,MR SHOULDER WO IV CONTRAST LEFT,MR,SHOULDER
RM00395,RIGHT,WOC,1,MR SHOULDER WO IV CONTRAST RIGHT,MR,SHOULDER
RM00396,BILATERAL,WOC,1,MR SHOULDER WO IV CONTRAST BILATERAL,MR,SHOULDER
RM00397,N/A,WWOC,1,MR SHOULDER W AND WO IV CONTRAST,MR,SHOULDER
RM00398,LEFT,WWOC,1,MR SHOULDER W AND WO IV CONTRAST LEFT,MR,SHOULDER
RM00399,RIGHT,WWOC,1,MR SHOULDER W AND WO IV CONTRAST RIGHT,MR,SHOULDER
RM00400,BILATERAL,WWOC,1,MR SHOULDER W AND WO IV CONTRAST BILATERAL,MR,SHOULDER
RM00401,N/A,WC,1,MR SHOULDER W IV CONTRAST,MR,SHOULDER
RM00402,LEFT,WC,1,MR SHOULDER W IV CONTRAST LEFT,MR,SHOULDER
RM00403,RIGHT,WC,1,MR SHOULDER W IV CONTRAST RIGHT,MR,SHOULDER
RM00404,BILATERAL,WC,1,MR SHOULDER W IV CONTRAST BILATERAL,MR,SHOULDER
RM00405,N/A,WOC,1,MR WRIST WO IV CONTRAST,MR,WRIST
RM00406,LEFT,WOC,1,MR WRIST WO IV CONTRAST LEFT,MR,WRIST
RM00407,RIGHT,WOC,1,MR WRIST WO IV CONTRAST RIGHT,MR,WRIST
RM00408,BILATERAL,WOC,1,MR WRIST WO IV CONTRAST BILATERAL,MR,WRIST
RM00409,N/A,WWOC,1,MR WRIST W AND WO IV CONTRAST,MR,WRIST
RM00410,LEFT,WWOC,1,MR WRIST W AND WO IV CONTRAST LEFT,MR,WRIST
RM00411,RIGHT,WWOC,1,MR WRIST W AND WO IV CONTRAST RIGHT,MR,WRIST
RM00412,BILATERAL,WWOC,1,MR WRIST W AND WO IV CONTRAST BILATERAL,MR,WRIST
RM00413,N/A,WC,1,MR WRIST W IV CONTRAST,MR,WRIST
RM00414,LEFT,WC,1,MR WRIST W IV CONTRAST LEFT,MR,WRIST
RM00415,RIGHT,WC,1,MR WRIST W IV CONTRAST RIGHT,MR,WRIST
RM00416,BILATERAL,WC,1,MR WRIST W IV CONTRAST BILATERAL,MR,WRIST
RM00417,N/A,WOC,1,MR PELVIS WO IV CONTRAST,MR,PELVIS
RM00418,N/A,WWOC,1,MR PELVIS RECTAL COIL W AND WO IV CONTRAST,MR,PELVIS
RM00419,N/A,WC,1,MR PELVIS RECTAL COIL W IV CONTRAST,MR,PELVIS
RM00420,N/A,WC,1,MR PELVIS W IV CONTRAST,MR,PELVIS
RM00421,N/A,WOC,1,MR PELVIS URETHRA VAGINAL COIL WO IV CONTRAST,MR,PELVIS
RM00422,N/A,WOC,1,MR LUMBAR SPINE WO IV CONTRAST,MR,LUMBAR SPINE
RM00423,N/A,WOC,1,MR THORACIC SPINE WO IV CONTRAST,MR,THORACIC SPINE
RM00424,N/A,WOC,1,MR THIGH WO IV CONTRAST,MR,FEMUR
RM00425,LEFT,WOC,1,MR THIGH WO IV CONTRAST LEFT,MR,FEMUR
RM00426,RIGHT,WOC,1,MR THIGH WO IV CONTRAST RIGHT,MR,FEMUR
RM00427,BILATERAL,WOC,1,MR THIGH WO IV CONTRAST BILATERAL,MR,FEMUR
RM00428,N/A,WWOC,1,MR THORACIC SPINE W AND WO IV CONTRAST,MR,THORACIC SPINE
RM00429,N/A,WC,1,MR THORACIC SPINE W IV CONTRAST,MR,THORACIC SPINE
RM00430,N/A,WOC,1,MR TMJ WO IV CONTRAST,MR,FACE
RM00431,N/A,WWOC,1,MR TMJ W AND WO IV CONTRAST,MR,FACE
RM00432,N/A,WC,1,MR UPPER EXTREMITY W IV CONTRAST,MR,UPPER EXTREMITY
RM00433,LEFT,WC,1,MR UPPER EXTREMITY W IV CONTRAST LEFT,MR,UPPER EXTREMITY
RM00434,RIGHT,WC,1,MR UPPER EXTREMITY W IV CONTRAST RIGHT,MR,UPPER EXTREMITY
RM00435,BILATERAL,WC,1,MR UPPER EXTREMITY W IV CONTRAST BILATERAL,MR,UPPER EXTREMITY
RM00436,N/A,WWOC,1,MR UPPER EXTREMITY JOINT W AND WO IV CONTRAST,MR,UPPER EXTREMITY
RM00437,LEFT,WWOC,1,MR UPPER EXTREMITY JOINT W AND WO IV CONTRAST LEFT,MR,UPPER EXTREMITY
RM00438,RIGHT,WWOC,1,MR UPPER EXTREMITY JOINT W AND WO IV CONTRAST RIGHT,MR,UPPER EXTREMITY
RM00439,BILATERAL,WWOC,1,MR UPPER EXTREMITY JOINT W AND WO IV CONTRAST BILATERAL,MR,UPPER EXTREMITY
RM00440,N/A,N/A,1,MR UPPER EXTREMITY ARTHROGRAM,MR,UPPER EXTREMITY
RM00441,LEFT,N/A,1,MR UPPER EXTREMITY ARTHROGRAM LEFT,MR,UPPER EXTREMITY
RM00442,RIGHT,N/A,1,MR UPPER EXTREMITY ARTHROGRAM RIGHT,MR,UPPER EXTREMITY
RM00443,BILATERAL,N/A,1,MR UPPER EXTREMITY ARTHROGRAM BILATERAL,MR,UPPER EXTREMITY
RM00444,N/A,WOC,1,MR UPPER ARM WO IV CONTRAST,MR,HUMERUS/UPPER EXTREMITY
RM00445,LEFT,WOC,1,MR UPPER ARM WO IV CONTRAST LEFT,MR,HUMERUS/UPPER EXTREMITY
RM00446,RIGHT,WOC,1,MR UPPER ARM WO IV CONTRAST RIGHT,MR,HUMERUS/UPPER EXTREMITY
RM00447,BILATERAL,WOC,1,MR UPPER ARM WO IV CONTRAST BILATERAL,MR,HUMERUS/UPPER EXTREMITY
RM00448,N/A,WOC,1,MR UPPER EXTREMITY WO IV CONTRAST,MR,UPPER EXTREMITY
RM00449,LEFT,WOC,1,MR UPPER EXTREMITY WO IV CONTRAST LEFT,MR,UPPER EXTREMITY
RM00450,RIGHT,WOC,1,MR UPPER EXTREMITY WO IV CONTRAST RIGHT,MR,UPPER EXTREMITY
RM00451,BILATERAL,WOC,1,MR UPPER EXTREMITY WO IV CONTRAST BILATERAL,MR,UPPER EXTREMITY
RM00452,N/A,WOC,1,MR UPPER EXTREMITY JOINT WO IV CONTRAST,MR,UPPER EXTREMITY
RM00453,LEFT,WOC,1,MR UPPER EXTREMITY JOINT WO IV CONTRAST LEFT,MR,UPPER EXTREMITY
RM00454,RIGHT,WOC,1,MR UPPER EXTREMITY JOINT WO IV CONTRAST RIGHT,MR,UPPER EXTREMITY
RM00455,BILATERAL,WOC,1,MR UPPER EXTREMITY JOINT WO IV CONTRAST BILATERAL,MR,UPPER EXTREMITY
RM00456,N/A,WOC,1,MR ABDOMEN ANGIO WO IV CONTRAST,MR,ABDOMEN
RM00457,N/A,WOC,1,MR CHEST ANGIO WO IV CONTRAST,MR,CHEST
RM00458,N/A,WOC,1,MR LOWER EXTREMITY ANGIO WO IV CONTRAST,MR,LOWER EXTREMITY
RM00459,LEFT,WOC,1,MR LOWER EXTREMITY ANGIO WO IV CONTRAST LEFT,MR,LOWER EXTREMITY
RM00460,RIGHT,WOC,1,MR LOWER EXTREMITY ANGIO WO IV CONTRAST RIGHT,MR,LOWER EXTREMITY
RM00461,BILATERAL,WOC,1,MR LOWER EXTREMITY ANGIO WO IV CONTRAST BILATERAL,MR,LOWER EXTREMITY
RM00462,N/A,WC,1,MR NECK ANGIO W IV CONTRAST,MR,NECK
RM00463,N/A,WWOC,1,MR LOWER EXTREMITY W AND WO IV CONTRAST,MR,LOWER EXTREMITY
RM00464,LEFT,WWOC,1,MR LOWER EXTREMITY W AND WO IV CONTRAST LEFT,MR,LOWER EXTREMITY
RM00465,RIGHT,WWOC,1,MR LOWER EXTREMITY W AND WO IV CONTRAST RIGHT,MR,LOWER EXTREMITY
RM00466,BILATERAL,WWOC,1,MR LOWER EXTREMITY W AND WO IV CONTRAST BILATERAL,MR,LOWER EXTREMITY
RM00467,N/A,WC,1,MR LOWER EXTREMITY JOINT W IV CONTRAST,MR,LOWER EXTREMITY
RM00468,LEFT,WC,1,MR LOWER EXTREMITY JOINT W IV CONTRAST LEFT,MR,LOWER EXTREMITY
RM00469,RIGHT,WC,1,MR LOWER EXTREMITY JOINT W IV CONTRAST RIGHT,MR,LOWER EXTREMITY
RM00470,BILATERAL,WC,1,MR LOWER EXTREMITY JOINT W IV CONTRAST BILATERAL,MR,LOWER EXTREMITY
RM00471,N/A,WWOC,1,MR PELVIS W AND WO IV CONTRAST,MR,PELVIS
RM00472,N/A,WWOC,1,MR UPPER EXTREMITY W AND WO IV CONTRAST,MR,UPPER EXTREMITY
RM00473,LEFT,WWOC,1,MR UPPER EXTREMITY W AND WO IV CONTRAST LEFT,MR,UPPER EXTREMITY
RM00474,RIGHT,WWOC,1,MR UPPER EXTREMITY W AND WO IV CONTRAST RIGHT,MR,UPPER EXTREMITY
RM00475,BILATERAL,WWOC,1,MR UPPER EXTREMITY W AND WO IV CONTRAST BILATERAL,MR,UPPER EXTREMITY
RM00476,N/A,WC,1,MR UPPER EXTREMITY JOINT W IV CONTRAST,MR,UPPER EXTREMITY
RM00477,LEFT,WC,1,MR UPPER EXTREMITY JOINT W IV CONTRAST LEFT,MR,UPPER EXTREMITY
RM00478,RIGHT,WC,1,MR UPPER EXTREMITY JOINT W IV CONTRAST RIGHT,MR,UPPER EXTREMITY
RM00479,BILATERAL,WC,1,MR UPPER EXTREMITY JOINT W IV CONTRAST BILATERAL,MR,UPPER EXTREMITY
RM00480,N/A,WWOC,1,MR SPINE ANGIO W AND WO IV CONTRAST,MR,LUMBAR SPINE
RM00481,BILATERAL,WWOC,1,MR BREAST W AND WO IV CONTRAST BILATERAL,MR,BREAST
RM00482,N/A,WWOC,1,MR BONE MARROW W AND WO IV CONTRAST,MR,ENTIRE BODY
RM00483,BILATERAL,WC,1,MR BREAST W IV CONTRAST BILATERAL,MR,BREAST
RM00484,N/A,N/A,1,MR BREAST UNILATERAL,MR,BREAST
RM00485,N/A,N/A,1,MR HEART VELOCITY FLOW,MR,HEART
RM00486,N/A,N/A,1,MR GUIDANCE MARKER PLACEMENT,MR,UNCLASSIFIED
RM00487,N/A,WOC,1,MR HEAD WO IV CONTRAST PEDIATRIC,MR,HEAD
RM00488,N/A,N/A,1,MR BIOPSY SPECIMEN,MR,UNCLASSIFIED
RM00489,N/A,N/A,1,MR SPECTROSCOPY,MR,UNCLASSIFIED
RM00490,N/A,WWOC,1,MR BREAST W AND WO IV CONTRAST UNILATERAL,MR,BREAST
RM00491,N/A,WWOC,1,MR ABDOMEN/PELVIS ENTEROGRAPHY W AND WO IV CONTRAST,MR,ABDOMEN/PELVIS
RM00492,N/A,WWOC,1,MR BRACHIAL PLEXUS W AND WO IV CONTRAST,MR,NECK
RM00493,BILATERAL,WOC,1,MR BREAST WO IV CONTRAST BILATERAL,MR,BREAST
RM00494,N/A,WOC,1,MR BREAST WO IV CONTRAST UNILATERAL,MR,BREAST
RM00495,N/A,WWOC,1,MR CALF W AND WO IV CONTRAST,MR,TIB FIB
RM00496,LEFT,WWOC,1,MR CALF W AND WO IV CONTRAST LEFT,MR,TIB FIB
RM00497,RIGHT,WWOC,1,MR CALF W AND WO IV CONTRAST RIGHT,MR,TIB FIB
RM00498,BILATERAL,WWOC,1,MR CALF W AND WO IV CONTRAST BILATERAL,MR,TIB FIB
RM00499,N/A,WC,1,MR FINGER W IV CONTRAST,MR,FINGERS
RM00500,LEFT,WC,1,MR FINGER W IV CONTRAST LEFT,MR,FINGERS
RM00501,RIGHT,WC,1,MR FINGER W IV CONTRAST RIGHT,MR,FINGERS
RM00502,N/A,WWOC,1,MR FINGER W AND WO IV CONTRAST,MR,FINGERS
RM00503,LEFT,WWOC,1,MR FINGER W AND WO IV CONTRAST LEFT,MR,FINGERS
RM00504,RIGHT,WWOC,1,MR FINGER W AND WO IV CONTRAST RIGHT,MR,FINGERS
RM00505,N/A,WWOC,1,MR FOOT W AND WO IV CONTRAST,MR,FOOT
RM00506,LEFT,WWOC,1,MR FOOT W AND WO IV CONTRAST LEFT,MR,FOOT
RM00507,RIGHT,WWOC,1,MR FOOT W AND WO IV CONTRAST RIGHT,MR,FOOT
RM00508,BILATERAL,WWOC,1,MR FOOT W AND WO IV CONTRAST BILATERAL,MR,FOOT
RM00509,N/A,WC,1,MR HAND W IV CONTRAST,MR,HAND
RM00510,LEFT,WC,1,MR HAND W IV CONTRAST LEFT,MR,HAND
RM00511,RIGHT,WC,1,MR HAND W IV CONTRAST RIGHT,MR,HAND
RM00512,BILATERAL,WC,1,MR HAND W IV CONTRAST BILATERAL,MR,HAND
RM00513,N/A,WWOC,1,MR HAND W AND WO IV CONTRAST,MR,HAND
RM00514,LEFT,WWOC,1,MR HAND W AND WO IV CONTRAST LEFT,MR,HAND
RM00515,RIGHT,WWOC,1,MR HAND W AND WO IV CONTRAST RIGHT,MR,HAND
RM00516,BILATERAL,WWOC,1,MR HAND W AND WO IV CONTRAST BILATERAL,MR,HAND
RM00517,N/A,WWOC,1,MR THIGH W AND WO IV CONTRAST,MR,FEMUR
RM00518,LEFT,WWOC,1,MR THIGH W AND WO IV CONTRAST LEFT,MR,FEMUR
RM00519,RIGHT,WWOC,1,MR THIGH W AND WO IV CONTRAST RIGHT,MR,FEMUR
RM00520,BILATERAL,WWOC,1,MR THIGH W AND WO IV CONTRAST BILATERAL,MR,FEMUR
RM00521,N/A,WOC,1,MR SPINE ANGIO WO IV CONTRAST,MR,LUMBAR SPINE
RM00522,N/A,N/A,1,MR SOURCE IMAGES,MR,UNCLASSIFIED
RM00523,N/A,WWOC,1,MR HEART W AND WO IV CONTRAST,MR,HEART
RM00524,N/A,WOC,1,MR HEART WO IV CONTRAST,MR,HEART
RM00525,N/A,WC,1,MR HEAD IAC W IV CONTRAST,MR,HEAD
RM00526,N/A,WOC,1,MR HEAD IAC WO IV CONTRAST,MR,HEAD
RM00527,N/A,WWOC,1,MR HEAD IAC W AND WO IV CONTRAST,MR,HEAD
RM00528,N/A,WOC,1,MR HEAD VEINS WO IV CONTRAST,MR,HEAD
RM00529,N/A,WWOC,1,MR FOREARM W AND WO IV CONTRAST,MR,FOREARM
RM00530,LEFT,WWOC,1,MR FOREARM W AND WO IV CONTRAST LEFT,MR,FOREARM
RM00531,RIGHT,WWOC,1,MR FOREARM W AND WO IV CONTRAST RIGHT,MR,FOREARM
RM00532,BILATERAL,WWOC,1,MR FOREARM W AND WO IV CONTRAST BILATERAL,MR,FOREARM
RM00533,N/A,WWOC,1,MR UPPER ARM W AND WO IV CONTRAST,MR,HUMERUS/UPPER EXTREMITY
RM00534,LEFT,WWOC,1,MR UPPER ARM W AND WO IV CONTRAST LEFT,MR,HUMERUS/UPPER EXTREMITY
RM00535,RIGHT,WWOC,1,MR UPPER ARM W AND WO IV CONTRAST RIGHT,MR,HUMERUS/UPPER EXTREMITY
RM00536,BILATERAL,WWOC,1,MR UPPER ARM W AND WO IV CONTRAST BILATERAL,MR,HUMERUS/UPPER EXTREMITY
RM00537,N/A,WOC,1,MR PROSTATE WO IV CONTRAST,MR,PELVIS
RM00538,N/A,N/A,1,MR HEAD NECK ANGIO,MR,HEAD/NECK
RM00539,N/A,WOC,1,MR UPPER EXTREMITY ANGIO WO IV CONTRAST,MR,UPPER EXTREMITY
RM00540,LEFT,WOC,1,MR UPPER EXTREMITY ANGIO WO IV CONTRAST LEFT,MR,UPPER EXTREMITY
RM00541,RIGHT,WOC,1,MR UPPER EXTREMITY ANGIO WO IV CONTRAST RIGHT,MR,UPPER EXTREMITY
RM00542,BILATERAL,WOC,1,MR UPPER EXTREMITY ANGIO WO IV CONTRAST BILATERAL,MR,UPPER EXTREMITY
RM00543,BILATERAL,WWOC,1,MR ABDOMINAL AORTA ILIOFEMORAL RUNOFF ANGIO W AND WO IV CONTRAST BILATERAL,MR,ABDOMEN/CHEST
RM00544,N/A,WC,1,MR PROSTATE W IV CONTRAST,MR,PELVIS
RM00545,N/A,N/A,1,MR GUIDANCE NEEDLE LOC,MR,UNCLASSIFIED
RM00546,N/A,WOC,1,MR PELVIS ANGIO WO IV CONTRAST,MR,PELVIS
RM00547,N/A,WOC,1,MR ABDOMEN/PELVIS ENTEROGRAPHY WO IV CONTRAST,MR,ABDOMEN/PELVIS
RM00548,N/A,N/A,1,MR ULTRASOUND GUIDANCE INSERT IV,MR,UNCLASSIFIED
RM00549,N/A,WWOC,1,MR HEAD W AND WO IV CONTRAST POST-OP,MR,HEAD
RM00550,N/A,WWOC,1,MR HEART W AND WO IV CONTRAST STRESS,MR,HEART
RM00551,N/A,WOC,1,MR HEART WO IV CONTRAST STRESS,MR,HEART
RM00552,N/A,WWOC,1,MR WHOLE BODY W AND WO IV CONTRAST,MR,ENTIRE BODY
RM00553,LEFT,N/A,1,MR BREAST BIOPSY WITH GUIDANCE LEFT,MR,BREAST
RM00554,RIGHT,N/A,1,MR BREAST BIOPSY WITH GUIDANCE RIGHT,MR,BREAST
RM00555,LEFT,N/A,1,MR BREAST NEEDLE LOC WITH GUIDANCE LEFT,MR,BREAST
RM00556,RIGHT,N/A,1,MR BREAST NEEDLE LOC WITH GUIDANCE RIGHT,MR,BREAST
RM00557,N/A,N/A,1,MR HEAD FUNCTIONAL MOTOR,MR,HEAD
RM00558,N/A,WWOC,1,MR HEAD W AND WO IV CONTRAST METASTASIS,MR,HEAD
RM00559,N/A,WWOC,1,MR HEAD W AND WO IV CONTRAST TUMOR HIGH GRADE,MR,HEAD
RM00560,N/A,WWOC,1,MR HEAD W AND WO IV CONTRAST TUMOR LOW GRADE,MR,HEAD
RM00561,N/A,WWOC,1,MR HEAD W AND WO IV CONTRAST TUMOR NEW,MR,HEAD
RM00562,N/A,N/A,1,NM HEPATOBILIARY,NM,ABDOMEN
RM00563,N/A,N/A,1,NM BONE WHOLE BODY,NM,ENTIRE BODY
RM00564,N/A,N/A,1,NM HEART INFARCTION,NM,HEART
RM00565,N/A,N/A,1,NM BRAIN CEREBROSPINAL FLUID LEAK,NM,HEAD
RM00566,N/A,N/A,1,NM ESOPHAGUS GASTROESOPHAGEAL REFLUX,NM,ABDOMEN
RM00567,N/A,N/A,1,NM GASTROINTESTINAL BLEEDING,NM,ABDOMEN
RM00568,N/A,N/A,1,NM LIVER SPLEEN,NM,ABDOMEN
RM00569,N/A,N/A,1,NM LIVER SPLEEN WITH FLOW,NM,ABDOMEN
RM00570,N/A,N/A,1,NM LUNG PERFUSION WITH QUANTIFICATION,NM,CHEST
RM00571,N/A,N/A,1,NM LUNG VENTILATION PERFUSION,NM,CHEST
RM00572,N/A,N/A,1,NM PARATHYROID,NM,NECK
RM00573,N/A,N/A,1,NM KIDNEY SPECT,NM,ABDOMEN
RM00574,N/A,N/A,1,NM SALIVARY GLAND,NM,NECK
RM00575,N/A,N/A,1,NM TESTICLE WITH FLOW,NM,PELVIS
RM00576,N/A,N/A,1,NM BONE MARROW WHOLE BODY,NM,ENTIRE BODY
RM00577,N/A,N/A,1,NM BOWEL,NM,ABDOMEN
RM00578,N/A,N/A,1,NM HEART SHUNT DETECTION,NM,HEAD/HEART
RM00579,N/A,N/A,1,NM LIVER,NM,ABDOMEN
RM00580,N/A,N/A,1,NM LIVER SPECT,NM,ABDOMEN
RM00581,N/A,N/A,1,NM THYROID,NM,NECK
RM00582,N/A,N/A,1,NM LUNG PERFUSION,NM,CHEST
RM00583,N/A,N/A,1,NM BONE SPECT,NM,ENTIRE BODY
RM00584,N/A,N/A,1,NM BONE LIMITED,NM,ENTIRE BODY
RM00585,N/A,N/A,1,NM HEART INFARCTION SPECT,NM,HEART
RM00586,N/A,N/A,1,NM ESOPHAGUS MOTILITY,NM,ABDOMEN
RM00587,N/A,N/A,1,NM ABDOMEN PERITONEAL VENOUS SHUNT PATENCY,NM,ABDOMEN/HEAD
RM00588,N/A,N/A,1,NM LUNG VENTILATION,NM,CHEST
RM00589,N/A,N/A,1,NM HEART INFARCTION FIRST PASS,NM,HEART
RM00590,N/A,N/A,1,NM GASTRIC EMPTYING SOLID,NM,ABDOMEN
RM00591,N/A,N/A,1,NM SALIVARY GLAND FUNCTION,NM,NECK
RM00592,N/A,N/A,1,NM HEART BLOOD POOL FIRST PASS,NM,HEART
RM00593,N/A,N/A,1,NM HEART PERFUSION SINGLE,NM,HEART
RM00594,N/A,N/A,1,NM RESEARCH,NM,UNCLASSIFIED
RM00595,N/A,N/A,1,NM BRAIN THALLIUM SPECT,NM,HEAD
RM00596,N/A,N/A,1,NM SPECT RESEARCH,NM,UNCLASSIFIED
RM00597,N/A,N/A,1,NM KIDNEY FLOW/FUNCTION WITH DIURETIC,NM,ABDOMEN
RM00598,N/A,N/A,1,NM WHOLE BODY MIBG,NM,ENTIRE BODY
RM00599,N/A,N/A,1,NM WHOLE BODY PROSTASCINT SPECT,NM,ENTIRE BODY
RM00600,N/A,N/A,1,NM WHOLE BODY OCTREOSCAN SPECT,NM,ENTIRE BODY
RM00601,N/A,N/A,1,NM WHOLE BODY SAMARIUM,NM,ENTIRE BODY
RM00602,N/A,N/A,1,NM WHITE BLOOD CELLS WHOLE BODY,NM,ENTIRE BODY
RM00603,N/A,N/A,1,NM WHITE BLOOD CELLS LIMITED,NM,UNCLASSIFIED
RM00604,N/A,N/A,1,NM WHITE BLOOD CELLS SPECT,NM,UNCLASSIFIED
RM00605,N/A,N/A,1,NM WHOLE BODY ZEVALIN,NM,ENTIRE BODY
RM00606,N/A,N/A,1,NM/CT LYMPH NODE SPECT,NM,UNCLASSIFIED
RM00607,N/A,N/A,1,NM/CT PARATHYROID SPECT,NM,NECK
RM00608,N/A,N/A,1,NM HEART BLOOD POOL EJECTION FRACTION WALL MOTION (MUGA) MULTIPLE,NM,HEART
RM00609,N/A,N/A,1,NM HEART BLOOD POOL EJECTION FRACTION WALL MOTION (MUGA),NM,HEART
RM00610,N/A,N/A,1,NM HEART BLOOD POOL EJECTION FRACTION FIRST PASS,NM,HEART
RM00611,N/A,N/A,1,NM BRAIN CISTERNS,NM,HEAD
RM00612,N/A,N/A,1,NM INFLAMMATION LIMITED,NM,UNCLASSIFIED
RM00613,N/A,N/A,1,NM INFLAMMATION SPECT,NM,UNCLASSIFIED
RM00614,N/A,N/A,1,NM BONE MARROW LIMITED,NM,ENTIRE BODY
RM00615,N/A,N/A,1,NM THYROID WHOLE BODY TUMOR,NM,NECK/ENTIRE BODY
RM00616,N/A,N/A,1,NM TUMOR LOCALIZATION WHOLE BODY,NM,ENTIRE BODY
RM00617,N/A,N/A,1,NM TUMOR LOCALIZATION LIMITED,NM,UNCLASSIFIED
RM00618,N/A,N/A,1,NM TUMOR LOCALIZATION SPECT,NM,UNCLASSIFIED
RM00619,N/A,N/A,1,NM HEART SPECT SINGLE,NM,HEART
RM00620,N/A,N/A,1,NM THYROID THERAPY WITH ORAL ADMINISTRATION,NM,NECK
RM00621,N/A,N/A,1,NM BRAIN FLOW ONLY BRAIN DEATH,NM,HEAD
RM00622,N/A,N/A,1,NM VESSELS FLOW,NM,UNCLASSIFIED
RM00623,N/A,N/A,1,NM KIDNEY FLOW/FUNCTION,NM,ABDOMEN
RM00624,N/A,N/A,1,NM BONE WITH FLOW,NM,ENTIRE BODY
RM00625,N/A,N/A,1,NM GASTRIC EMPTYING LIQUID,NM,ABDOMEN
RM00626,N/A,N/A,1,NM KIDNEY GFR,NM,ABDOMEN
RM00627,N/A,N/A,1,NM LIVER HEMANGIOMA SPECT,NM,ABDOMEN
RM00628,N/A,N/A,1,NM INFLAMMATION WHOLE BODY,NM,ENTIRE BODY
RM00629,N/A,N/A,1,NM SHUNT PATENCY,NM,HEAD
RM00630,N/A,N/A,1,NM PARATHYROID SPECT,NM,NECK
RM00631,N/A,N/A,1,NM BONE MARROW MULTIPLE AREAS,NM,ENTIRE BODY
RM00632,N/A,N/A,1,NM BONE MULTIPLE AREAS,NM,ENTIRE BODY
RM00633,N/A,N/A,1,NM BONE WHOLE BODY 3 PHASE,NM,ENTIRE BODY
RM00634,N/A,N/A,1,NM CYSTOGRAM REFLUX,NM,PELVIS
RM00635,BILATERAL,N/A,1,NM EXTREMITY VEINS THROMBOSIS BILATERAL,NM,LOWER EXTREMITY
RM00636,N/A,N/A,1,NM EXTREMITY VEINS THROMBOSIS UNILATERAL,NM,LOWER EXTREMITY
RM00637,N/A,N/A,1,NM HEPATOBILIARY WITH PHARMACOLOGIC INTERVENTION,NM,ABDOMEN
RM00638,N/A,N/A,1,NM BRAIN 4 OR MORE VIEWS,NM,HEAD
RM00639,N/A,N/A,1,NM BRAIN WITH FLOW 4 OR MORE VIEWS,NM,HEAD
RM00640,N/A,N/A,4,NM BRAIN WITH FLOW LESS THAN 4 VIEWS,NM,HEAD
RM00641,N/A,N/A,1,NM BRAIN FLORBETAPIR SPECT,NM,HEAD
RM00642,N/A,N/A,1,NM BRAIN TECHNETIUM SPECT,NM,HEAD
RM00643,N/A,N/A,1,NM HEART SPECT MULTIPLE,NM,HEART
RM00644,N/A,N/A,1,NM HEART FAILURE,NM,HEART
RM00645,N/A,N/A,1,NM HEART PERFUSION MULTIPLE,NM,HEART
RM00646,N/A,N/A,1,NM KIDNEY CORTEX,NM,ABDOMEN
RM00647,N/A,N/A,1,NM KIDNEY FLOW/FUNCTION WITH DRUG MULTIPLE,NM,ABDOMEN
RM00648,N/A,N/A,1,NM KIDNEY TRANSPLANT,NM,ABDOMEN
RM00649,N/A,N/A,1,NM LIVER SPLEEN MULTIPLE VIEWS,NM,ABDOMEN
RM00650,N/A,N/A,1,NM LYMPH NODE,NM,UNCLASSIFIED
RM00651,BILATERAL,N/A,1,NM LYMPH NODE BILATERAL,NM,UNCLASSIFIED
RM00652,N/A,N/A,1,NM LYMPH NODE LYMPHEDEMA,NM,UNCLASSIFIED
RM00653,N/A,N/A,1,NM LUNG VENTILATION PERFUSION WITH QUANTIFICATION,NM,CHEST
RM00654,N/A,N/A,1,NM IV THERAPY RADIUM,NM,UNCLASSIFIED
RM00655,N/A,N/A,1,NM THERAPY SIR-SPHERES,NM,UNCLASSIFIED
RM00656,N/A,N/A,1,NM THERAPY THERASPHERES,NM,UNCLASSIFIED
RM00657,N/A,N/A,1,NM SPLEEN,NM,ABDOMEN
RM00658,N/A,N/A,1,NM THYROID DOSIMETRY,NM,NECK
RM00659,N/A,N/A,1,NM THYROID UPTAKE,NM,NECK
RM00660,N/A,N/A,1,NM THYROID TUMOR METASTASES LIMITED,NM,NECK
RM00661,N/A,N/A,1,NM THYROID UPTAKE MULTIPLE DETERMINATIONS,NM,NECK
RM00662,N/A,N/A,1,NM THYROID WHOLE BODY POST THERAPY,NM,NECK/ENTIRE BODY
RM00663,N/A,N/A,1,NM TUMOR LOCALIZATION MULTIPLE AREAS,NM,UNCLASSIFIED
RM00664,N/A,N/A,1,NM TUMOR LOCALIZATION WHOLE BODY MULTIPLE DAYS,NM,ENTIRE BODY
RM00665,N/A,N/A,1,NM WHITE BLOOD CELLS LIMITED INFECTION,NM,UNCLASSIFIED
RM00666,N/A,N/A,1,PT/CT BONE SKULL BASE TO MID THIGH,PT,SKULL/FEMUR
RM00667,N/A,N/A,1,PT/CT BONE WHOLE BODY,PT,ENTIRE BODY
RM00668,N/A,N/A,1,PT/CT TUMOR LOCALIZATION LIMITED,PT,UNCLASSIFIED
RM00669,N/A,N/A,1,PT/CT TUMOR LOCALIZATION SKULL BASE TO MID THIGH,PT,SKULL/FEMUR
RM00670,N/A,N/A,1,PT/CT TUMOR LOCALIZATION WHOLE BODY,PT,ENTIRE BODY
RM00671,N/A,N/A,1,PT BRAIN PERFUSION,PT,HEAD
RM00672,N/A,N/A,1,PT HEART PERFUSION SINGLE,PT,HEART
RM00673,N/A,N/A,1,PT HEART SARCOID,PT,HEART
RM00674,N/A,N/A,1,PT HEART VIABILITY,PT,HEART
RM00675,N/A,N/A,1,PT BRAIN AMYLOID,PT,HEAD
RM00676,N/A,N/A,1,PT BRAIN METABOLIC,PT,HEAD
RM00677,N/A,N/A,1,PT HEART PERFUSION MULTIPLE,PT,HEART
RM00678,N/A,N/A,1,PT/CT SIMULATION LIMITED AREA,PT,UNCLASSIFIED
RM00679,N/A,N/A,1,IR KNEE ASPIRATION WITH IMAGING GUIDANCE,IR,KNEE
RM00680,N/A,N/A,1,IR MAJOR JOINT ARTHROCENTESIS WITH IMAGING GUIDANCE,IR,UNCLASSIFIED
RM00681,N/A,N/A,1,IR SMALL JOINT ARTHROCENTESIS WITH IMAGING GUIDANCE,IR,UNCLASSIFIED
RM00682,N/A,N/A,1,IR KIDNEY BIOPSY WITH IMAGING GUIDANCE,IR,ABDOMEN
RM00683,N/A,N/A,1,IR LIVER BIOPSY WITH IMAGING GUIDANCE,IR,ABDOMEN
RM00684,N/A,N/A,1,IR LUNG BIOPSY WITH IMAGING GUIDANCE,IR,CHEST
RM00685,N/A,N/A,1,IR MEDIASTINAL BIOPSY WITH IMAGING GUIDANCE,IR,CHEST
RM00686,N/A,N/A,1,IR MUSCLE BIOPSY WITH IMAGING GUIDANCE,IR,UNCLASSIFIED
RM00687,N/A,N/A,1,IR PANCREAS BIOPSY WITH IMAGING GUIDANCE,IR,ABDOMEN
RM00688,N/A,N/A,1,IR PLEURAL BIOPSY WITH IMAGING GUIDANCE,IR,CHEST
RM00689,N/A,N/A,1,IR PROSTATE BIOPSY WITH IMAGING GUIDANCE,IR,PELVIS
RM00690,N/A,N/A,1,IR SOFT TISSUE BIOPSY WITH IMAGING GUIDANCE,IR,UNCLASSIFIED
RM00691,N/A,N/A,1,IR THYROID BIOPSY WITH IMAGING GUIDANCE,IR,NECK
RM00692,N/A,N/A,1,IR ABDOMEN BIOPSY WITH IMAGING GUIDANCE,IR,ABDOMEN
RM00693,N/A,N/A,1,IR BONE BIOPSY WITH IMAGING GUIDANCE,IR,ENTIRE BODY
RM00694,N/A,N/A,1,IR NECK OR CHEST BIOPSY WITH IMAGING GUIDANCE,IR,CHEST/NECK
RM00695,N/A,N/A,1,IR CLIP PLACEMENT WITH IMAGING GUIDANCE,IR,UNCLASSIFIED
RM00696,N/A,N/A,1,IR PLEURAL DRAINAGE WITH IMAGING GUIDANCE,IR,CHEST
RM00697,N/A,N/A,1,IR ABDOMEN DRAINAGE WITH IMAGING GUIDANCE,IR,ABDOMEN
RM00698,N/A,N/A,1,IR ANKLE INJECTION WITH IMAGING GUIDANCE,IR,ANKLE
RM00699,N/A,N/A,1,IR HIP INJECTION WITH IMAGING GUIDANCE,IR,HIP
RM00700,N/A,N/A,1,IR KNEE INJECTION WITH IMAGING GUIDANCE,IR,KNEE
RM00701,N/A,N/A,1,IR SHOULDER INJECTION WITH IMAGING GUIDANCE,IR,SHOULDER
RM00702,N/A,N/A,1,IR TEMPOROMANDIBULAR JOINT INJECTION WITH IMAGING GUIDANCE,IR,FACE
RM00703,N/A,N/A,1,IR TENDON INJECTION WITH IMAGING GUIDANCE,IR,UNCLASSIFIED
RM00704,N/A,N/A,1,IR WRIST INJECTION WITH IMAGING GUIDANCE,IR,WRIST
RM00705,N/A,N/A,1,IR PERICARDIOCENTESIS WITH IMAGING GUIDANCE,IR,CHEST
RM00706,N/A,N/A,1,IR BONE RADIOFREQUENCY ABLATION WITH IMAGING GUIDANCE,IR,ENTIRE BODY
RM00707,N/A,N/A,1,IR PRE-OPERATIVE CLIP PLACEMENT WITH IMAGING GUIDANCE,IR,UNCLASSIFIED
RM00708,N/A,N/A,1,IR CYST ASPIRATION WITH IMAGING GUIDANCE,IR,UNCLASSIFIED
RM00709,N/A,N/A,1,IR BONE ASPIRATION WITH IMAGING GUIDANCE,IR,ENTIRE BODY
RM00710,N/A,N/A,1,IR KIDNEY CYST ASPIRATION WITH IMAGING GUIDANCE,IR,ABDOMEN
RM00711,N/A,N/A,1,IR LYMPH NODE ASPIRATION WITH IMAGING GUIDANCE,IR,UNCLASSIFIED
RM00712,N/A,N/A,1,IR LYMPH NODE BIOPSY WITH IMAGING GUIDANCE,IR,UNCLASSIFIED
RM00713,N/A,N/A,1,IR CERVICAL SPINE PUNCTURE CSF DRAINAGE WITH IMAGING GUIDANCE THERAPEUTIC,IR,CERVICAL SPINE
RM00714,N/A,N/A,1,IR ARTHROCENTESIS WITH IMAGING GUIDANCE,IR,UNCLASSIFIED
RM00715,N/A,N/A,1,IR BONE MARROW ASPIRATION WITH IMAGING GUIDANCE,IR,ENTIRE BODY
RM00716,N/A,N/A,1,IR BILIARY BIOPSY WITH IMAGING GUIDANCE,IR,ABDOMEN
RM00717,N/A,N/A,1,IR BONE MARROW BIOPSY WITH IMAGING GUIDANCE,IR,ENTIRE BODY
RM00718,N/A,N/A,1,IR URETERAL BIOPSY WITH IMAGING GUIDANCE,IR,ABDOMEN
RM00719,N/A,N/A,1,IR KIDNEY CRYOABLATION WITH IMAGING GUIDANCE,IR,ABDOMEN
RM00720,N/A,N/A,1,IR LIVER CRYOABLATION WITH IMAGING GUIDANCE,IR,ABDOMEN
RM00721,N/A,N/A,1,IR LUNG CRYOABLATION WITH IMAGING GUIDANCE,IR,CHEST
RM00722,N/A,N/A,1,IR DRAINAGE WITH IMAGING GUIDANCE,IR,UNCLASSIFIED
RM00723,N/A,N/A,1,IR EPIDURAL INJECTION WITH IMAGING GUIDANCE,IR,LUMBAR SPINE
RM00724,N/A,N/A,1,IR CENTRAL VENOUS CATHETER INJECTION,IR,UNCLASSIFIED
RM00725,N/A,N/A,1,IR LUMBAR SPINE KYPHOPLASTY WITH IMAGING GUIDANCE,IR,LUMBAR SPINE
RM00726,N/A,N/A,1,IR THORACIC SPINE KYPHOPLASTY WITH IMAGING GUIDANCE,IR,THORACIC SPINE/LUMBAR SPINE
RM00727,N/A,N/A,1,IR LUMBAR PUNCTURE WITH IMAGING GUIDANCE,IR,LUMBAR SPINE
RM00728,N/A,N/A,1,IR NEEDLE PLACEMENT WITH GUIDANCE,IR,UNCLASSIFIED
RM00729,N/A,N/A,1,IR PARACENTESIS WITH IMAGING GUIDANCE,IR,ABDOMEN
RM00730,N/A,N/A,1,IR CERVICAL SPINE PUNCTURE WITH IMAGING GUIDANCE DIAGNOSTIC,IR,CERVICAL SPINE
RM00731,N/A,N/A,1,IR KIDNEY RADIOFREQUENCY ABLATION WITH IMAGING GUIDANCE,IR,ABDOMEN
RM00732,N/A,N/A,1,IR LIVER RADIOFERQUENCY ABLATION WITH IMAGING GUIDANCE,IR,ABDOMEN
RM00733,N/A,N/A,1,IR LUNG RADIOFREQUENCY ABLATION WITH IMAGING GUIDANCE,IR,CHEST
RM00734,N/A,N/A,1,IR LUNG PLEURA RADIOFREQUENCY ABLATION WITH IMAGING GUIDANCE,IR,CHEST
RM00735,N/A,N/A,1,IR THORACENTESIS WITH IMAGING GUIDANCE,IR,CHEST
RM00736,N/A,N/A,1,IR ABDOMEN FIDUCIAL PLACEMENT WITH IMAGING GUIDANCE,IR,ABDOMEN
RM00737,N/A,N/A,1,IR PARACENTESIS TUBE PLACEMENT WITH IMAGING GUIDANCE,IR,ABDOMEN
RM00738,N/A,N/A,1,IR AORTA PERCUTANEOUS TRANSLUMINAL ANGIOPLASTY WITH IMAGING GUIDANCE,IR,CHEST
RM00739,N/A,N/A,1,IR GANGLION CYST ASPIRATION WITH IMAGING GUIDANCE,IR,UNCLASSIFIED
RM00740,N/A,N/A,1,IR ARTERIOVENOUS FISTULA TREATMENT WITH IMAGING GUIDANCE,IR,UNCLASSIFIED
RM00741,N/A,N/A,1,IR BRACHIOCEPHALIC ARTERY PERCUTANEOUS TRANSLUMINAL ANGIOPLASTY WITH IMAGING GUIDANCE,IR,NECK
RM00742,N/A,N/A,1,IR BONE BIOPSY DEEP WITH IMAGING GUIDANCE,IR,ENTIRE BODY
RM00743,N/A,N/A,1,IR BIOPSY FINE NEEDLE WITH IMAGING GUIDANCE,IR,UNCLASSIFIED
RM00744,N/A,N/A,1,IR TRANSCATHETER BIOPSY WITH IMAGING GUIDANCE,IR,UNCLASSIFIED
RM00745,N/A,N/A,1,IR PERICATHETER FIBRIN SHEATH REMOVAL WITH IMAGING GUIDANCE,IR,UNCLASSIFIED
RM00746,N/A,N/A,1,IR TRANSCATHETER STENT PLACEMENT WITH IMAGING GUIDANCE,IR,UNCLASSIFIED
RM00747,N/A,N/A,1,IR THORACENTESIS TUBE PLACEMENT WITH IMAGING GUIDANCE,IR,CHEST
RM00748,N/A,N/A,1,IR CHEST PORT PLACEMENT WITH IMAGING GUIDANCE,IR,CHEST
RM00749,N/A,N/A,1,IR CHEST PORT REPLACEMENT WITH IMAGING GUIDANCE,IR,CHEST
RM00750,N/A,N/A,1,IR CHEST TUBE CHECK WITH THROMBOLYTIC WITH IMAGING GUIDANCE ADDITIONAL DAY,IR,CHEST
RM00751,N/A,N/A,1,IR CHEST TUBE CHECK WITH THROMBOLYTIC WITH IMAGING GUIDANCE INTIAL DAY,IR,CHEST
RM00752,N/A,N/A,1,IR CHEST TUBE PLACEMENT WITH IMAGING GUIDANCE,IR,CHEST
RM00753,N/A,N/A,1,IR CHEST TUBE EXCHANGE WITH IMAGING GUIDANCE,IR,CHEST
RM00754,N/A,N/A,1,IR CELIAC PLEXUS NERVE BLOCK WITH IMAGING GUIDANCE,IR,ABDOMEN
RM00755,N/A,N/A,1,IR CENTRAL VENOUS CATHETER REPOSITION WITH IMAGING GUIDANCE,IR,UNCLASSIFIED
RM00756,N/A,N/A,1,IR NON-TUNNELED CENTRAL VENOUS CATHETER EXCHANGE WITH IMAGING GUIDANCE,IR,UNCLASSIFIED
RM00757,N/A,N/A,1,IR TUNNELED CENTRAL VENOUS CATHETER PLACEMENT WITH IMAGING GUIDANCE,IR,UNCLASSIFIED
RM00758,N/A,N/A,1,IR TUNNELED CENTRAL VENOUS CATHETER REMOVAL WITH IMAGING GUIDANCE,IR,UNCLASSIFIED
RM00759,N/A,N/A,1,IR TUNNELED CENTRAL VENOUS CATHETER REPAIR WITH IMAGING GUIDANCE,IR,UNCLASSIFIED
RM00760,N/A,N/A,1,IR TUNNELED CENTRAL VENOUS CATHETER EXCHANGE WITH IMAGING GUIDANCE,IR,UNCLASSIFIED
RM00761,N/A,N/A,1,IR DIALYSIS ARTERY/ARTERIAL ANASTOMOSIS PERCUTANEOUS TRANSLUMINAL ANGIOPLASTY WITH IMAGING GUIDANCE,IR,UNCLASSIFIED
RM00762,N/A,N/A,1,IR DIALYSIS VEIN PERCUTANEOUS TRANSLUMINAL ANGIOPLASTY WITH IMAGING GUIDANCE,IR,UNCLASSIFIED
RM00763,N/A,N/A,1,IR DENVER SHUNT CHECK WITH IMAGING GUIDANCE,IR,HEAD
RM00764,N/A,N/A,1,IR DENVER SHUNT PLACEMENT WITH IMAGING GUIDANCE,IR,HEAD
RM00765,N/A,N/A,1,IR DENVER SHUNT REMOVAL WITH IMAGING GUIDANCE,IR,HEAD
RM00766,N/A,N/A,1,IR DENVER SHUNT REVISION WITH IMAGING GUIDANCE,IR,HEAD
RM00767,N/A,N/A,1,IR FACET INJECTION WITH IMAGING GUIDANCE,IR,LUMBAR SPINE
RM00768,N/A,N/A,1,IR FALLOPIAN TUBE DILATION WITH IMAGING GUIDANCE,IR,PELVIS
RM00769,N/A,N/A,1,IR CHOLECYSTOSTOMY WITH IMAGING GUIDANCE,IR,ABDOMEN
RM00770,N/A,N/A,1,IR G TUBE TO G-J TUBE CONVERSION WITH IMAGING GUIDANCE,IR,ABDOMEN
RM00771,N/A,N/A,1,IR G-J TUBE PLACEMENT WITH IMAGING GUIDANCE,IR,ABDOMEN
RM00772,N/A,N/A,1,IR G-J TUBE EXCHANGE WITH IMAGING GUIDANCE,IR,ABDOMEN
RM00773,N/A,N/A,1,IR G-TUBE PLACEMENT WITH IMAGING GUIDANCE,IR,ABDOMEN
RM00774,N/A,N/A,1,IR G TUBE EXCHANGE WITH IMAGING GUIDANCE,IR,ABDOMEN
RM00775,N/A,N/A,1,IR BILIARY CATHETER RETRIEVAL WITH IMAGING GUIDANCE,IR,ABDOMEN
RM00776,N/A,N/A,1,IR BILIARY STRICTURE DILATION WITH IMAGING GUIDANCE,IR,ABDOMEN
RM00777,N/A,N/A,1,IR PERCUTANEOUS BILIARY DRAINAGE PLACEMENT WITH IMAGING GUIDANCE,IR,ABDOMEN
RM00778,N/A,N/A,1,IR PERCUTANEOUS BILIARY DRAINAGE REVISION WITH IMAGING GUIDANCE,IR,ABDOMEN
RM00779,N/A,N/A,1,IR CHOLANGIOSCOPY WITH IMAGING GUIDANCE,IR,ABDOMEN
RM00780,N/A,N/A,1,IR CHOLANGIOSCOPY STONE REMOVAL WITH IMAGING GUIDANCE,IR,ABDOMEN
RM00781,N/A,N/A,1,IR BILIARY STONE REMOVAL WITH IMAGING GUIDANCE,IR,ABDOMEN
RM00782,N/A,N/A,1,IR BILIARY TUBE CHECK WITH IMAGING GUIDANCE,IR,ABDOMEN
RM00783,N/A,N/A,1,IR INTERCOSTAL NERVE BLOCK WITH IMAGING GUIDANCE,IR,CHEST
RM00784,N/A,N/A,1,IR ILIAC ARTERY ENDOGRAFT WITH IMAGING GUIDANCE,IR,LOWER EXTREMITY
RM00785,N/A,N/A,1,IR ILIAC ARTERY PERCUTANEOUS TRANSLUMINAL ANGIOPLASTY WITH IMAGING GUIDANCE EACH ADDITIONAL VESSEL,IR,LOWER EXTREMITY
RM00786,N/A,N/A,1,IR ILIAC ARTERY PERCUTANEOUS TRANSLUMINAL ANGIOPLASTY WITH IMAGING GUIDANCE,IR,LOWER EXTREMITY
RM00787,N/A,N/A,1,IR ILIAC ARTERY STENT PLACEMENT WITH IMAGING GUIDANCEEACH ADDITIONAL VESSEL,IR,LOWER EXTREMITY
RM00788,N/A,N/A,1,IR ILIAC ARTERY STENT PLACEMENT WITH IMAGING GUIDANCE INITIAL VESSEL,IR,LOWER EXTREMITY
RM00789,N/A,N/A,1,IR URETEROSTOMY EXCHANGE THROUGH ILEAL CONDUIT WITH IMAGING GUIDANCE,IR,ABDOMEN
RM00790,N/A,N/A,1,IR VESSEL INFUSION NON-THROMBOLYTIC WITH IMAGING GUIDANCE,IR,UNCLASSIFIED
RM00791,N/A,N/A,1,IR INJECTION PLATELET RICH PLASMA WITH IMAGING GUIDANCE,IR,UNCLASSIFIED
RM00792,N/A,N/A,1,IR VESSEL THROMBOLYTIC INFUSION WITH IMAGING GUIDANCE ADDITIONAL DAY,IR,UNCLASSIFIED
RM00793,N/A,N/A,1,IR VESSEL THROMBOLYTIC INFUSION WITH IMAGING GUIDANCE FINAL DAY,IR,UNCLASSIFIED
RM00794,N/A,N/A,1,IR ARTERY THROMBOLYTIC INFUSION WITH IMAGING GUIDANCE INITIAL DAY,IR,UNCLASSIFIED
RM00795,N/A,N/A,1,IR INJECTION TRIGGER POINT WITH IMAGING GUIDANCE 1 TO 2 MUSCLES,IR,UNCLASSIFIED
RM00796,N/A,N/A,1,IR INJECTION TRIGGER POINT WITH IMAGING GUIDANCE 3 OR MORE MUSCLES,IR,UNCLASSIFIED
RM00797,N/A,N/A,1,IR INFERIOR VENA CAVA FILTER PLACEMENT WITH IMAGING GUIDANCE,IR,ABDOMEN
RM00798,N/A,N/A,1,IR INFERIOR VENA CAVA FILTER REMOVAL WITH IMAGING GUIDANCE,IR,ABDOMEN
RM00799,N/A,N/A,1,IR INFERIOR VENA CAVA FILTER REPOSITION WITH IMAGING GUIDANCE,IR,ABDOMEN
RM00800,N/A,N/A,1,IR J TUBE EXCHANGE WITH IMAGING GUIDANCE,IR,ABDOMEN
RM00801,N/A,N/A,1,IR INTERMEDIATE JOINT ARTHROCENTESIS WITH IMAGING GUIDANCE,IR,UNCLASSIFIED
RM00802,N/A,N/A,1,IR RENAL ARTERY PERCUTANEOUS TRANSLUMINAL ANGIOPLASTY WITH IMAGING GUIDANCE,IR,ABDOMEN
RM00803,N/A,N/A,1,IR PERCUTANEOUS NEPHROURETERAL STENT PLACEMENT WITH IMAGING GUIDANCE,IR,ABDOMEN
RM00804,N/A,N/A,1,IR PERCUTANEOUS NEPHROURETERAL STENT REMOVAL WITH IMAGING GUIDANCE,IR,ABDOMEN
RM00805,N/A,N/A,1,IR PERCUTANOUS NEPHROURETERAL STENT EXCHANGE WITH IMAGING GUIDANCE,IR,ABDOMEN
RM00806,N/A,N/A,1,IR NEPHROSTOMY PLACEMENT WITH IMAGING GUIDANCE,IR,ABDOMEN
RM00807,N/A,N/A,1,IR VERTEBRAL KYPHOPLASTY WITH IMAGING GUIDANCE 1 LEVEL,IR,LUMBAR SPINE
RM00808,N/A,N/A,1,IR FEMORAL POPLITEAL ARTERIES PERCUTANEOUS TRANSLUMINAL ANGIOPLASTY WITH IMAGING GUIDANCE UNILATERAL,IR,FEMUR/LOWER EXTREMITY
RM00809,N/A,N/A,1,IR FEMORAL POPLITEAL ARTERY STENT PLACEMENT WITH IMAGING GUIDANCE UNILATERAL,IR,FEMUR/LOWER EXTREMITY
RM00810,N/A,N/A,1,IR LYMPHATIC LIGATION,IR,UNCLASSIFIED
RM00811,N/A,N/A,1,IR LUMBAR SPINE KYPHOPLASTY WITH IMAGING GUIDANCE EACH ADDITIONAL LEVEL,IR,LUMBAR SPINE
RM00812,N/A,N/A,1,IR LUMBAR SPINE VERTEBROPLASTY WITH IMAGING GUIDANCE ADDITIONAL LEVEL,IR,LUMBAR SPINE
RM00813,N/A,N/A,1,IR LUMBAR SPINE VERTEBROPLASTY WITH IMAGING GUIDANCE 1 LEVEL,IR,LUMBAR SPINE
RM00814,N/A,N/A,1,IR LUNG MICROWAVE ABLATION WITH IMAGING GUIDANCE,IR,CHEST
RM00815,N/A,N/A,1,IR LUNG FIDUCIAL PLACEMENT WITH IMAGING GUIDANCE,IR,CHEST
RM00816,N/A,N/A,1,IR LIVER MICROWAVE ABLATION WITH IMAGING GUIDANCE,IR,ABDOMEN
RM00817,N/A,N/A,1,IR HEPATIC WEDGE PRESSURES,IR,ABDOMEN
RM00818,N/A,N/A,1,IR NERVE ROOT BLOCK WITH IMAGING GUIDANCE,IR,LUMBAR SPINE
RM00819,N/A,N/A,1,IR NERVE INJECTION WITH IMAGING GUIDANCE,IR,UNCLASSIFIED
RM00820,N/A,N/A,1,IR PERCUTANEOUS CHOLANGIOGRAM WITH IMAGING GUIDANCE,IR,ABDOMEN
RM00821,N/A,N/A,1,IR PERITONEAL CATHETER PLACEMENT WITH IMAGING GUIDANCE,IR,ABDOMEN
RM00822,N/A,N/A,1,IR PERITONEAL CATHETER REMOVAL WITH IMAGING GUIDANCE,IR,ABDOMEN
RM00823,N/A,N/A,1,IR PERITONEAL CATHETER REPOSITION WITH IMAGING GUIDANCE,IR,ABDOMEN
RM00824,N/A,N/A,1,IR PERITONEAL FOREIGN BODY REMOVAL WITH IMAGING GUIDANCE,IR,ABDOMEN
RM00825,N/A,N/A,1,IR PERITONEAL PORT PLACEMENT WITH IMAGING GUIDANCE,IR,ABDOMEN
RM00826,N/A,N/A,1,IR PERITONEAL PORT REMOVAL WITH IMAGING GUIDANCE,IR,ABDOMEN
RM00827,N/A,N/A,1,IR STAB PHLEBECTOMY GREATER THAN 20 INCISIONS,IR,UNCLASSIFIED
RM00828,N/A,N/A,1,IR PERIPHERALLY INSERTED CENTRAL CATHETER PLACEMENT WITH IMAGING GUIDANCE,IR,UNCLASSIFIED
RM00829,N/A,N/A,1,IR PERIPHERALLY INSERTED CENTRAL CATHETER EXCHANGE WITH IMAGING GUIDANCE,IR,UNCLASSIFIED
RM00830,N/A,N/A,1,IR PELVIS DRAINAGE WITH IMAGING GUIDANCE,IR,PELVIS
RM00831,N/A,N/A,1,IR PORT REMOVAL WITH IMAGING GUIDANCE,IR,UNCLASSIFIED
RM00832,N/A,N/A,1,IR PORT REPAIR WITH IMAGING GUIDANCE,IR,UNCLASSIFIED
RM00833,N/A,N/A,1,IR PORT CATHETER EXCHANGE WITH IMAGING GUIDANCE,IR,UNCLASSIFIED
RM00834,N/A,N/A,1,IR TUNNELED PLEURAL CATHETER PLACEMENT WITH IMAGING GUIDANCE,IR,CHEST
RM00835,N/A,N/A,1,IR PSEUDOANEURSYM THROMBIN INJECTION WITH IMAGING GUIDANCE,IR,UNCLASSIFIED
RM00836,N/A,N/A,1,IR SWAN-GANZ CATHETER PLACEMENT WITH IMAGING GUIDANCE,IR,UNCLASSIFIED
RM00837,N/A,N/A,1,IR SUPERIORVENA CAVA FILTER PLACEMENT WITH IMAGING GUIDANCE,IR,UNCLASSIFIED
RM00838,N/A,N/A,1,IR SUPERIOR VENA CAVA FILTER REMOVAL WITH IMAGING GUIDANCE,IR,CHEST
RM00839,N/A,N/A,1,IR SUPERIOR VENA CAVA FILTER REPOSITION WITH IMAGING GUIDANCE,IR,CHEST
RM00840,N/A,N/A,1,IR PERCUTANEOUS SYMPATHECTOMY NERVE BLOCK WITH IMAGING GUIDANCE,IR,UNCLASSIFIED
RM00841,N/A,N/A,1,IR LOWER LEG PERCUTANEOUS TRANSLUMINAL ANGIOPLASTY WITH IMAGING GUIDANCE 1-2 ADDITIONAL VESSELS,IR,LOWER EXTREMITY
RM00842,N/A,N/A,1,IR LOWER LEG PERCUTANEOUS TRANSLUMINAL ANGIOPLASTY WITH IMAGING GUIDANCE,IR,LOWER EXTREMITY
RM00843,N/A,N/A,1,IR LOWER LEG STENT PLACEMENT WITH IMAGING GUIDANCE EACH ADDITIONAL VESSEL,IR,LOWER EXTREMITY
RM00844,N/A,N/A,1,IR CLOT REMOVAL ANY METHOD,IR,UNCLASSIFIED
RM00845,N/A,N/A,1,IR INTRALUMINAL THROMBUS MECHANICAL REMOVAL WITH IMAGING GUIDANCE,IR,UNCLASSIFIED
RM00846,N/A,N/A,1,IR TRANSJUGULAR KIDNEY BIOPSY WITH IMAGING GUIDANCE,IR,ABDOMEN
RM00847,N/A,N/A,1,IR TRANSJUGULAR KIDNEY BIOPSY WITH IMAGING GUIDANCE VENOGRAPHY,IR,ABDOMEN
RM00848,N/A,N/A,1,IR TRANSJUGULAR LIVER BIOPSY WITH IMAGING GUIDANCE,IR,ABDOMEN
RM00849,N/A,N/A,1,IR TRANSJUGULAR LIVER BIOPSY WITH IMAGING GUIDANCE VENOGRAPHY,IR,ABDOMEN
RM00850,N/A,N/A,1,IR TRANSJUGULAR LIVER BIOPSY WITH IMAGING GUIDANCE PRESSURES,IR,ABDOMEN
RM00851,N/A,N/A,1,IR THORACIC SPINE KYPHOPLASTY WITH IMAGING GUIDANCE EACH ADDITIONAL LEVEL,IR,THORACIC SPINE/LUMBAR SPINE
RM00852,N/A,N/A,1,IR THORACIC SPINE VERTEBROPLASTY WITH IMAGING GUIDANCE ADDITIONAL LEVEL,IR,THORACIC SPINE/LUMBAR SPINE
RM00853,N/A,N/A,1,IR THORACIC VERTEBROPLASTY WITH IMAGING GUIDANCE 1 LEVEL,IR,LUMBAR SPINE
RM00854,N/A,N/A,1,IR TUMOR ARTERIAL EMBOLIZATION WITH IMAGING GUIDANCE,IR,UNCLASSIFIED
RM00855,N/A,N/A,1,IR ARM PORT PLACEMENT WITH IMAGING GUIDANCE,IR,UPPER EXTREMITY
RM00856,N/A,N/A,1,IR ARM PORT REPLACEMENT WITH IMAGING GUIDANCE,IR,UPPER EXTREMITY
RM00857,N/A,N/A,1,IR BRONCHIAL ARTERY EMBOLIZATION WITH IMAGING GUIDANCE,IR,CHEST
RM00858,N/A,N/A,1,IR UTERINE ARTERY EMBOLIZATION WITH IMAGING GUIDANCE,IR,PELVIS
RM00859,N/A,N/A,1,IR VERTEBRAL AUGMENTATION WITH IMAGING GUIDANCE EACH ADDITIONAL LEVEL,IR,LUMBAR SPINE
RM00860,N/A,N/A,1,IR VISCERAL ARTERY STENT PLACEMENT WITH IMAGING GUIDANCE,IR,ABDOMEN
RM00861,N/A,N/A,1,IR VISCERAL ARTERY PERCUTANEOUS TRANSLUMINAL ANGIOPLASTY WITH IMAGING GUIDANCE,IR,ABDOMEN
RM00862,N/A,N/A,1,IR ENDOVENOUS LASER ABLATION,IR,LOWER EXTREMITY
RM00863,N/A,N/A,1,IR ENDOVENOUS LASER ABLATION ADDITIONAL AREA,IR,LOWER EXTREMITY
RM00864,N/A,N/A,1,"IR ARTERY EMBOLIZATION WITH IMAGING GUIDANCE EXCLUDING (TRAUMA, TUMOR)",IR,UNCLASSIFIED
RM00865,N/A,N/A,1,"IR ARTERY STENT PLACEMENT WITH IMAGING GUIDANCE EXCLUDING (ILIAC, FEM-POP, TIBIAL) EACH ADDITIONAL VESSEL",IR,TIB FIB/FEMUR
RM00866,N/A,N/A,1,"IR ARTERY STENT PLACEMENT WITH IMAGING GUIDANCE EXCLUDING (ILIAC, FEM-POP, TIBIAL)",IR,TIB FIB/FEMUR
RM00867,N/A,N/A,1,IR ARTERY MECHANICAL THROMBECTOMY WUTH IMAGING GUIDANCE ADDITIONAL PROCEDURE,IR,UNCLASSIFIED
RM00868,N/A,N/A,1,IR ARTERY MECHANICAL THROMBECTOMY WITH IMAGING GUIDANCE ADDITIONAL VESSEL SAME FAMILY,IR,UNCLASSIFIED
RM00869,N/A,N/A,1,IR ARTERY MECHANICAL THROMBECTOMY WUTH IMAGING GUIDANCE INITIAL VESSEL,IR,UNCLASSIFIED
RM00870,N/A,N/A,1,IR BLEEDING VESSEL EMBOLIZATION WITH IMAGING GUIDANCE,IR,UNCLASSIFIED
RM00871,N/A,N/A,1,IR VEIN EMBOLIZATION/SCLEROTHERAPY NON-BLEEDING WITH IMAGING GUIDANCE,IR,UNCLASSIFIED
RM00872,N/A,N/A,1,IR VESSEL FOREIGN BODY RETRIEVAL WITH IMAGING GUIDANCE,IR,UNCLASSIFIED
RM00873,N/A,N/A,1,IR VEIN THROMBOLYTIC INFUSION WITH IMAGING GUIDANCE INITIAL DAY,IR,UNCLASSIFIED
RM00874,N/A,N/A,1,IR VEIN PERCUTANEOUS TRANSLUMINAL ANGIOPLASTY WITH IMAGING GUIDANCE,IR,UNCLASSIFIED
RM00875,N/A,N/A,1,IR VEIN SAMPLING,IR,UNCLASSIFIED
RM00876,N/A,N/A,1,IR VEIN STENT/COVERED STENT PLACEMENT WITH IMAGING GUIDANCE EACH ADDITIONAL VESSEL,IR,UNCLASSIFIED
RM00877,N/A,N/A,1,IR VEIN STENT/COVERED STENT PLACEMENT WITH IMAGING GUIDANCE,IR,UNCLASSIFIED
RM00878,N/A,N/A,1,IR VEIN MECHANICAL THROMBECTOMY WITH IMAGING GUIDANCE ADDITIONAL DAY,IR,UNCLASSIFIED
RM00879,N/A,N/A,1,IR VEIN MECHANICAL THROMBECTOMY WITH IMAGING GUIDANCE INITIAL DAY,IR,UNCLASSIFIED
RM00880,N/A,N/A,1,IR VERTEBROPLASTY WITH IMAGING GUIDANCE EACH ADDITIONAL LEVEL,IR,LUMBAR SPINE
RM00881,N/A,N/A,1,IR WIRE PLACEMENT WITH IMAGING GUIDANCE,IR,UNCLASSIFIED
RM00882,N/A,N/A,1,IR WIRE PLACEMENT WITH IMAGING GUIDANCE ADDITIONAL,IR,UNCLASSIFIED
RM00883,N/A,N/A,1,IR TRANSURETHRAL NEPHROURETERAL STENT REMOVAL WITH IMAGING GUIDANCE,IR,ABDOMEN
RM00884,N/A,N/A,1,IR TRANSURETHRAL NEPHROURETERAL STENT EXCHANGE WITH IMAGING GUIDANCE,IR,ABDOMEN
RM00885,N/A,N/A,1,IR TRANSHEPATIC TUBE REVISION WITH IMAGING GUIDANCE,IR,ABDOMEN
RM00886,N/A,N/A,1,IR TIPS EXCLUDING EMBOLIZATION WITH IMAGING GUIDANCE,IR,ABDOMEN
RM00887,N/A,N/A,1,IR TIPS REVISION WITH IMAGING GUIDANCE,IR,ABDOMEN
RM00888,N/A,N/A,1,IR THYROID BIOPSY FINE NEEDLE WITH IMAGING GUIDANCE,IR,NECK
RM00889,N/A,N/A,1,IR NEPHROSTOMY EXCHANGE WITH IMAGING GUIDANCE,IR,ABDOMEN
RM00890,N/A,N/A,1,US ABDOMEN,US,ABDOMEN
RM00891,N/A,N/A,1,US ABDOMEN LIMITED,US,ABDOMEN
RM00892,N/A,N/A,1,US CHEST AXILLA,US,BREAST/CHEST
RM00893,LEFT,N/A,1,US CHEST AXILLA LEFT,US,BREAST/CHEST
RM00894,RIGHT,N/A,1,US CHEST AXILLA RIGHT,US,BREAST/CHEST
RM00895,BILATERAL,N/A,1,US CHEST AXILLA BILATERAL,US,BREAST/CHEST
RM00896,N/A,N/A,1,US BREAST,US,BREAST
RM00897,N/A,N/A,1,US CHEST,US,CHEST
RM00898,N/A,N/A,1,US PREGNANCY FOLLOW UP,US,OB
RM00899,N/A,N/A,1,US PREGNANCY 2ND/3RD TRIMESTER,US,OB
RM00900,N/A,N/A,1,US PREGNANCY 2ND/3RD TRIMESTER ADDITIONAL,US,OB
RM00901,N/A,N/A,1,US PREGNANCY 1ST TRIMESTER TRANSABDOMINAL TRANSVAGINAL,US,OB
RM00902,N/A,N/A,1,US PREGNANCY 1ST TRIMESTER ADDITIONAL,US,OB
RM00903,N/A,N/A,1,US PREGNANCY LIMITED,US,OB
RM00904,N/A,N/A,1,US PREGNANCY TRANSVAGINAL,US,OB
RM00905,N/A,N/A,1,US PELVIS,US,PELVIS
RM00906,N/A,N/A,1,US PELVIS LIMITED,US,PELVIS
RM00907,N/A,N/A,1,US SCROTUM,US,PELVIS
RM00908,LEFT,N/A,1,US SCROTUM LEFT,US,PELVIS
RM00909,RIGHT,N/A,1,US SCROTUM RIGHT,US,PELVIS
RM00910,BILATERAL,N/A,1,US SCROTUM BILATERAL,US,PELVIS
RM00911,N/A,N/A,1,US PELVIS TRANSVAGINAL,US,PELVIS
RM00912,N/A,N/A,1,US PELVIS APPENDIX,US,PELVIS
RM00913,N/A,N/A,1,US PELVIS BLADDER,US,PELVIS
RM00914,BILATERAL,N/A,1,US BREAST BILATERAL,US,BREAST
RM00915,LEFT,N/A,1,US BREAST LEFT,US,BREAST
RM00916,RIGHT,N/A,1,US BREAST RIGHT,US,BREAST
RM00917,N/A,N/A,1,US GALLBLADDER,US,ABDOMEN
RM00918,N/A,N/A,1,US THYROID,US,NECK
RM00919,N/A,N/A,1,US PROSTATE TRANSRECTAL,US,PELVIS
RM00920,N/A,N/A,1,US INTRAOPERATIVE,US,UNCLASSIFIED
RM00921,N/A,N/A,1,US RETROPERITONEUM,US,ABDOMEN
RM00922,N/A,N/A,1,US RETROPERITONEUM LIMITED,US,ABDOMEN
RM00923,N/A,N/A,1,US PENIS DOPPLER LIMITED,US,PELVIS
RM00924,N/A,N/A,1,US ABDOMEN LIMITED PANCREAS,US,ABDOMEN
RM00925,N/A,N/A,1,US GUIDANCE FOR NEEDLE PLACEMENT,US,UNCLASSIFIED
RM00926,N/A,N/A,1,US ABDOMEN DOPPLER,US,ABDOMEN
RM00927,N/A,N/A,1,US ABDOMEN DOPPLER LIMITED,US,ABDOMEN
RM00928,N/A,N/A,1,US ABDOMEN LIMITED SPLEEN,US,ABDOMEN
RM00929,N/A,N/A,1,US UPPER EXTREMITY SOFT TISSUE,US,UPPER EXTREMITY
RM00930,LEFT,N/A,1,US UPPER EXTREMITY SOFT TISSUE LEFT,US,UPPER EXTREMITY
RM00931,RIGHT,N/A,1,US UPPER EXTREMITY SOFT TISSUE RIGHT,US,UPPER EXTREMITY
RM00932,BILATERAL,N/A,1,US UPPER EXTREMITY SOFT TISSUE BILATERAL,US,UPPER EXTREMITY
RM00933,N/A,N/A,1,US INTRAOPERATIVE GUIDANCE,US,UNCLASSIFIED
RM00934,N/A,N/A,1,US LOWER EXTREMITY SOFT TISSUE,US,LOWER EXTREMITY
RM00935,LEFT,N/A,1,US LOWER EXTREMITY SOFT TISSUE LEFT,US,LOWER EXTREMITY
RM00936,RIGHT,N/A,1,US LOWER EXTREMITY SOFT TISSUE RIGHT,US,LOWER EXTREMITY
RM00937,BILATERAL,N/A,1,US LOWER EXTREMITY SOFT TISSUE BILATERAL,US,LOWER EXTREMITY
RM00938,N/A,N/A,1,US HEAD NECK SOFT TISSUE,US,HEAD/NECK
RM00939,N/A,N/A,1,US NECK PAROTID,US,NECK
RM00940,N/A,N/A,1,US PELVIS OVARY TORSION,US,PELVIS
RM00941,N/A,N/A,1,US NECK PARATHYROID,US,NECK
RM00942,N/A,N/A,1,US SCROTUM TESTICULAR TORSION,US,PELVIS
RM00943,LEFT,N/A,1,US SCROTUM TESTICULAR TORSION LEFT,US,PELVIS
RM00944,RIGHT,N/A,1,US SCROTUM TESTICULAR TORSION RIGHT,US,PELVIS
RM00945,BILATERAL,N/A,1,US SCROTUM TESTICULAR TORSION BILATERAL,US,PELVIS
RM00946,BILATERAL,N/A,1,US LOWER EXTREMITY ARTERIES BILATERAL,US,LOWER EXTREMITY
RM00947,BILATERAL,N/A,1,US UPPER EXTREMITY ARTERIES BILATERAL,US,LOWER EXTREMITY/UPPER EXTREMITY
RM00948,N/A,N/A,1,US HEAD DOPPLER,US,HEAD
RM00949,N/A,N/A,1,US HEAD DOPPLER LIMITED,US,HEAD
RM00950,N/A,N/A,1,US HEART,US,HEART
RM00951,N/A,N/A,1,US HEART DOPPLER,US,HEART
RM00952,N/A,N/A,1,US RETROPERITONEUM AORTA,US,ABDOMEN/CHEST
RM00953,N/A,N/A,1,US TENDON,US,UNCLASSIFIED
RM00954,N/A,N/A,1,US HEAD PEDIATRIC,US,HEAD
RM00955,N/A,N/A,1,US SPINE PEDIATRIC,US,LUMBAR SPINE
RM00956,N/A,N/A,1,US PELVIS HYSTEROSONOGRAPHY DOPPLER,US,PELVIS
RM00957,N/A,N/A,1,US ABDOMEN LIMITED LIVER,US,ABDOMEN
RM00958,N/A,N/A,1,US HEAD DOPPLER LIMITED NEONATAL,US,HEAD
RM00959,LEFT,N/A,1,US BREAST ASPIRATION CYST WITH GUIDANCE LEFT,US,BREAST
RM00960,RIGHT,N/A,1,US BREAST ASPIRATION CYST WITH GUIDANCE RIGHT,US,BREAST
RM00961,N/A,N/A,1,US RETRO GUIDE BX,US,UNCLASSIFIED
RM00962,N/A,N/A,1,US LOWER EXTREMITY VEINS LIMITED/UNILATERAL/FOLLOW UP,US,LOWER EXTREMITY
RM00963,LEFT,N/A,1,US LOWER EXTREMITY VEINS LIMITED/UNILATERAL/FOLLOW UP LEFT,US,LOWER EXTREMITY
RM00964,RIGHT,N/A,1,US LOWER EXTREMITY VEINS LIMITED/UNILATERAL/FOLLOW UP RIGHT,US,LOWER EXTREMITY
RM00965,BILATERAL,N/A,1,US LOWER EXTREMITY VEINS LIMITED/UNILATERAL/FOLLOW UP BILATERAL,US,LOWER EXTREMITY
RM00966,N/A,N/A,1,US UPPER EXTREMITY VEINS LIMITED/UNILATERAL/FOLLOW UP,US,LOWER EXTREMITY/UPPER EXTREMITY
RM00967,LEFT,N/A,1,US UPPER EXTREMITY VEINS LIMITED/UNILATERAL/FOLLOW UP LEFT,US,LOWER EXTREMITY/UPPER EXTREMITY
RM00968,RIGHT,N/A,1,US UPPER EXTREMITY VEINS LIMITED/UNILATERAL/FOLLOW UP RIGHT,US,LOWER EXTREMITY/UPPER EXTREMITY
RM00969,BILATERAL,N/A,1,US UPPER EXTREMITY VEINS LIMITED/UNILATERAL/FOLLOW UP BILATERAL,US,LOWER EXTREMITY/UPPER EXTREMITY
RM00970,N/A,N/A,1,US ELBOW INJECTION,US,ELBOW
RM00971,LEFT,N/A,1,US ELBOW INJECTION LEFT,US,ELBOW
RM00972,RIGHT,N/A,1,US ELBOW INJECTION RIGHT,US,ELBOW
RM00973,BILATERAL,N/A,1,US ELBOW INJECTION BILATERAL,US,ELBOW
RM00974,N/A,N/A,1,US PREGNANCY MCA DOPPLER,US,OB
RM00975,N/A,N/A,1,US PREGNANCY UMBILICAL ARTERY DOPPLER,US,OB
RM00976,N/A,N/A,1,US PREGNANCY ABNORMAL ADDITIONAL,US,OB
RM00977,N/A,N/A,1,US PREGNANCY ABNORMAL,US,OB
RM00978,N/A,N/A,1,US PREGNANCY FOLLOW UP ADDITIONAL,US,OB
RM00979,N/A,N/A,1,US PREGNANCY MULTI 1ST TRIMESTER TRANSABDOMINAL TRANSVAGINAL,US,OB
RM00980,N/A,N/A,1,US PREGNANCY MULTI ABNORMAL,US,OB
RM00981,LEFT,N/A,1,US BREAST ASPIRATION CYST ADDITIONAL WITH GUIDANCE LEFT,US,BREAST
RM00982,RIGHT,N/A,1,US BREAST ASPIRATION CYST ADDITIONAL WITH GUIDANCE RIGHT,US,BREAST
RM00983,N/A,N/A,1,US PREGNANCY MULTI 2ND/3RD TRIMESTER,US,OB
RM00984,N/A,N/A,1,US PREGNANCY 1ST TRIMESTER,US,OB
RM00985,BILATERAL,N/A,1,US HIP PEDIATRIC LIMITED BILATERAL MANIPULATION,US,HIP
RM00986,N/A,N/A,1,US HEART DOPPLER VELOCITY ED,US,HEART
RM00987,N/A,N/A,1,US LOWER EXTREMITY ARTERIES LIMITED/UNILATERAL/FOLLOW UP,US,LOWER EXTREMITY
RM00988,LEFT,N/A,1,US LOWER EXTREMITY ARTERIES LIMITED/UNILATERAL/FOLLOW UP LEFT,US,LOWER EXTREMITY
RM00989,RIGHT,N/A,1,US LOWER EXTREMITY ARTERIES LIMITED/UNILATERAL/FOLLOW UP RIGHT,US,LOWER EXTREMITY
RM00990,BILATERAL,N/A,1,US LOWER EXTREMITY ARTERIES LIMITED/UNILATERAL/FOLLOW UP BILATERAL,US,LOWER EXTREMITY
RM00991,N/A,N/A,1,US BREAST GUIDANCE FOR NEEDLE PLACEMENT,US,BREAST
RM00992,LEFT,N/A,1,US BREAST GUIDANCE FOR NEEDLE PLACEMENT LEFT,US,BREAST
RM00993,RIGHT,N/A,1,US BREAST GUIDANCE FOR NEEDLE PLACEMENT RIGHT,US,BREAST
RM00994,BILATERAL,N/A,1,US BREAST GUIDANCE FOR NEEDLE PLACEMENT BILATERAL,US,BREAST
RM00995,N/A,N/A,1,US PREGNANCY DOPPLER,US,OB
RM00996,N/A,N/A,1,US PENIS SOFT TISSUE,US,PELVIS
RM00997,BILATERAL,N/A,1,US LOWER EXTREMITY VEINS BILATERAL,US,LOWER EXTREMITY
RM00998,BILATERAL,N/A,1,US UPPER EXTREMITY VEINS BILATERAL,US,LOWER EXTREMITY/UPPER EXTREMITY
RM00999,N/A,N/A,1,US ABDOMEN WALL,US,ABDOMEN
RM01000,N/A,N/A,1,US AORTA ILIAC VESSELS DOPPLER,US,CHEST/LOWER EXTREMITY
RM01001,N/A,N/A,1,US AORTA ILIAC VESSELS DOPPLER LIMITED/FOLLOW UP,US,CHEST/LOWER EXTREMITY
RM01002,LEFT,N/A,1,US BREAST BIOPSY VACUUM WITH GUIDANCE LEFT,US,BREAST
RM01003,RIGHT,N/A,1,US BREAST BIOPSY VACUUM WITH GUIDANCE RIGHT,US,BREAST
RM01004,LEFT,N/A,1,US BREAST BIOPSY NEEDLE CORE WITH GUIDANCE LEFT,US,BREAST
RM01005,RIGHT,N/A,1,US BREAST BIOPSY NEEDLE CORE WITH GUIDANCE RIGHT,US,BREAST
RM01006,N/A,N/A,1,US CARPAL TUNNEL INJECTION,US,WRIST
RM01007,LEFT,N/A,1,US CARPAL TUNNEL INJECTION LEFT,US,WRIST
RM01008,RIGHT,N/A,1,US CARPAL TUNNEL INJECTION RIGHT,US,WRIST
RM01009,BILATERAL,N/A,1,US CARPAL TUNNEL INJECTION BILATERAL,US,WRIST
RM01010,N/A,N/A,1,US KIDNEY TRANSPLANT DOPPLER,US,ABDOMEN
RM01011,LEFT,N/A,1,US KIDNEY TRANSPLANT DOPPLER LEFT,US,ABDOMEN
RM01012,RIGHT,N/A,1,US KIDNEY TRANSPLANT DOPPLER RIGHT,US,ABDOMEN
RM01013,BILATERAL,N/A,1,US KIDNEY TRANSPLANT DOPPLER BILATERAL,US,ABDOMEN
RM01014,N/A,N/A,1,US PELVIS GROIN PSEUDOANEURYSM,US,PELVIS
RM01015,LEFT,N/A,1,US PELVIS GROIN PSEUDOANEURYSM LEFT,US,PELVIS
RM01016,RIGHT,N/A,1,US PELVIS GROIN PSEUDOANEURYSM RIGHT,US,PELVIS
RM01017,BILATERAL,N/A,1,US PELVIS GROIN PSEUDOANEURYSM BILATERAL,US,PELVIS
RM01018,N/A,N/A,1,US PELVIS IN VITRO FERTILIZATION BASELINE,US,PELVIS
RM01019,N/A,N/A,1,US PROSTATE TRANSRECTAL VOLUME,US,PELVIS
RM01020,N/A,N/A,1,US RETROPERITONEUM KIDNEY VESSELS,US,ABDOMEN
RM01021,LEFT,N/A,1,US RETROPERITONEUM KIDNEY VESSELS LEFT,US,ABDOMEN
RM01022,RIGHT,N/A,1,US RETROPERITONEUM KIDNEY VESSELS RIGHT,US,ABDOMEN
RM01023,BILATERAL,N/A,1,US RETROPERITONEUM KIDNEY VESSELS BILATERAL,US,ABDOMEN
RM01024,LEFT,N/A,1,US BREAST NEEDLE LOC WITH SPECIMEN WITH GUIDANCE LEFT,US,BREAST
RM01025,RIGHT,N/A,1,US BREAST NEEDLE LOC WITH SPECIMEN WITH GUIDANCE RIGHT,US,BREAST
RM01026,BILATERAL,N/A,1,US CAROTID DOPPLER BILATERAL,US,NECK
RM01027,N/A,N/A,1,US CAROTID DOPPLER LIMITED/FOLLOW UP,US,NECK
RM01028,LEFT,N/A,1,US CAROTID DOPPLER LIMITED/FOLLOW UP LEFT,US,NECK
RM01029,RIGHT,N/A,1,US CAROTID DOPPLER LIMITED/FOLLOW UP RIGHT,US,NECK
RM01030,BILATERAL,N/A,1,US CAROTID DOPPLER LIMITED/FOLLOW UP BILATERAL,US,NECK
RM01031,N/A,N/A,1,US PELVIS BLADDER POST-VOID RESIDUAL,US,PELVIS
RM01032,N/A,N/A,1,US EXTREMITY MUSCULOSKELETAL,US,LOWER EXTREMITY
RM01033,LEFT,N/A,1,US EXTREMITY MUSCULOSKELETAL LEFT,US,LOWER EXTREMITY
RM01034,RIGHT,N/A,1,US EXTREMITY MUSCULOSKELETAL RIGHT,US,LOWER EXTREMITY
RM01035,BILATERAL,N/A,1,US EXTREMITY MUSCULOSKELETAL BILATERAL,US,LOWER EXTREMITY
RM01036,N/A,N/A,1,US EXTREMITY MUSCULOSKELETAL LIMITED,US,LOWER EXTREMITY
RM01037,LEFT,N/A,1,US EXTREMITY MUSCULOSKELETAL LIMITED LEFT,US,LOWER EXTREMITY
RM01038,RIGHT,N/A,1,US EXTREMITY MUSCULOSKELETAL LIMITED RIGHT,US,LOWER EXTREMITY
RM01039,BILATERAL,N/A,1,US EXTREMITY MUSCULOSKELETAL LIMITED BILATERAL,US,LOWER EXTREMITY
RM01040,LEFT,N/A,1,US BREAST BIOPSY FINE NEEDLE WITH GUIDANCE LEFT,US,BREAST
RM01041,RIGHT,N/A,1,US BREAST BIOPSY FINE NEEDLE WITH GUIDANCE RIGHT,US,BREAST
RM01042,N/A,N/A,1,US PENIS DOPPLER,US,PELVIS
RM01043,N/A,N/A,1,XA ABDOMINAL AORTA,XA,ABDOMEN/CHEST
RM01044,N/A,N/A,1,XA CHEST AORTA,XA,CHEST
RM01045,N/A,N/A,1,XA PELVIC ARTERIES,XA,PELVIS
RM01046,BILATERAL,N/A,1,XA CAROTID ARTERY BILATERAL,XA,NECK
RM01047,N/A,N/A,1,XA CAROTID ARTERY UNILATERAL,XA,NECK
RM01048,BILATERAL,N/A,1,XA CERVICOCEREBRAL ARTERIES BILATERAL,XA,NECK
RM01049,N/A,N/A,1,XA CERVICOCEREBRAL ARTERIES UNILATERAL,XA,NECK
RM01050,BILATERAL,N/A,1,XA CEREBRAL ARTERY BILATERAL,XA,HEAD
RM01051,N/A,N/A,1,XA CEREBRAL ARTERY UNILATERAL,XA,HEAD
RM01052,N/A,N/A,1,XA CEREBRAL SINUS,XA,HEAD/FACE
RM01053,N/A,N/A,1,XA HEPATIC VEINS,XA,ABDOMEN
RM01054,N/A,N/A,1,XA HEPATIC VEINS WITH HEMODYNAMIC EVALUATION,XA,ABDOMEN
RM01055,N/A,N/A,1,XA INFERIOR VENA CAVA,XA,ABDOMEN
RM01056,N/A,N/A,1,XA LUMBAR SPINE INTERCOSTAL ARTERY,XA,LUMBAR SPINE/CHEST
RM01057,N/A,N/A,1,XA INTERNAL MAMMARY ARTERY,XA,CHEST
RM01058,BILATERAL,N/A,1,XA ABDOMEN LYMPHANGIOGRAM BILATERAL,XA,ABDOMEN
RM01059,N/A,N/A,1,XA ABDOMEN LYMPHANGIOGRAM UNILATERAL,XA,ABDOMEN
RM01060,BILATERAL,N/A,1,XA EXTREMITY LYMPHANGIOGRAM BILATERAL,XA,LOWER EXTREMITY
RM01061,BILATERAL,N/A,1,XA LYMPHANGIOGRAM PEDAL BILATERAL,XA,LOWER EXTREMITY
RM01062,N/A,N/A,1,XA LYMPHANGIOGRAM PEDAL UNILATERAL,XA,LOWER EXTREMITY
RM01063,N/A,N/A,1,XA LYMPHANGIOGRAM CANNULATION THORACIC DUCT,XA,UNCLASSIFIED
RM01064,N/A,N/A,1,XA PORTAL VEINS,XA,ABDOMEN
RM01065,N/A,N/A,1,XA PORTAL VEINS WITH PRESSURES,XA,ABDOMEN
RM01066,BILATERAL,N/A,1,XA PULMONARY ARTERIES BILATERAL,XA,CHEST
RM01067,N/A,N/A,1,XA PULMONARY ARTERIES UNILATERAL,XA,CHEST
RM01068,BILATERAL,N/A,1,XA RENAL ARTERIES BILATERAL,XA,ABDOMEN
RM01069,N/A,N/A,1,XA RENAL ARTERIES UNILATERAL,XA,ABDOMEN
RM01070,BILATERAL,N/A,1,XA RENAL VEINS BILATERAL,XA,ABDOMEN
RM01071,N/A,N/A,1,XA RENAL VEINS UNILATERAL,XA,ABDOMEN
RM01072,N/A,N/A,1,XA SPLENOPORTOGRAM,XA,ABDOMEN
RM01073,N/A,N/A,1,XA SUPERIOR VENA CAVA,XA,CHEST
RM01074,BILATERAL,N/A,1,XA EXTREMITY VEINS BILATERAL,XA,LOWER EXTREMITY
RM01075,N/A,N/A,1,XA EXTREMITY VEINS UNILATERAL,XA,LOWER EXTREMITY
RM01076,BILATERAL,N/A,1,XA VERTEBRAL ARTERIES BILATERAL,XA,NECK/LUMBAR SPINE
RM01077,N/A,N/A,1,XA VERTEBRAL ARTERIES UNILATERAL,XA,NECK/LUMBAR SPINE
RM01078,N/A,N/A,1,XA VISCERAL ARTERIES,XA,ABDOMEN
RM01079,N/A,N/A,1,XA DIALYSIS FISTULAGRAM ADDITIONAL PUNCTURE,XA,UPPER EXTREMITY
RM01080,N/A,N/A,1,XA ARTERIOVENOUS FISTULA RETROGRADE,XA,UNCLASSIFIED
RM01081,N/A,N/A,1,XA CERVICAL SPINE DISCOGRAM,XA,CERVICAL SPINE
RM01082,N/A,N/A,1,XA DIALYSIS FISTULAGRAM,XA,UPPER EXTREMITY
RM01083,BILATERAL,N/A,1,XA EXTREMITY ARTERIES BILATERAL,XA,LOWER EXTREMITY
RM01084,N/A,N/A,1,XA EXTREMITY ARTERIES UNILATERAL,XA,LOWER EXTREMITY
RM01085,N/A,N/A,1,XA LUMBAR SPINE DISCOGRAM,XA,LUMBAR SPINE
RM01086,N/A,N/A,1,XA SINOGRAM DIAGNOSTIC,XA,UNCLASSIFIED
RM01087,N/A,N/A,1,XA SINOGRAM THERAPEUTIC,XA,UNCLASSIFIED
RM01088,N/A,N/A,1,XA CHOLANGIOGRAM THROUGH EXISTING CATHETER WITH IMAGING GUIDANCE,XA,ABDOMEN
RM01089,N/A,N/A,1,XA DIALYSIS FISTULAGRAM EXISTING CATHETER/NEEDLE,XA,UPPER EXTREMITY
RM01090,BILATERAL,N/A,1,XA ABDOMEN AORTA BILATERAL LOWER EXTREMITY,XA,ABDOMEN/CHEST
RM01091,N/A,N/A,1,XA URETEROGRAM,XA,ABDOMEN
RM01092,BILATERAL,N/A,1,XA INTERNAL JUGULAR VEIN BILATERAL,XA,NECK
RM01093,N/A,N/A,1,XA INTERNAL JUGULAR VEIN UNILATERAL,XA,NECK
RM01094,BILATERAL,N/A,1,XR ACROMIOCLAVICULAR JOINTS BILATERAL,XR,SHOULDER
RM01095,N/A,N/A,2,XR ANKLE 2 VIEWS,XR,ANKLE
RM01096,LEFT,N/A,2,XR ANKLE 2 VIEWS LEFT,XR,ANKLE
RM01097,RIGHT,N/A,2,XR ANKLE 2 VIEWS RIGHT,XR,ANKLE
RM01098,BILATERAL,N/A,2,XR ANKLE 2 VIEWS BILATERAL,XR,ANKLE
RM01099,N/A,N/A,1,XR CHEST 1 VIEW,XR,CHEST
RM01100,N/A,N/A,2,XR CHEST 2 VIEWS,XR,CHEST
RM01101,N/A,N/A,4,XR CHEST 4+ VIEWS,XR,CHEST
RM01102,N/A,N/A,1,XR CLAVICLE,XR,CLAVICLE
RM01103,LEFT,N/A,1,XR CLAVICLE LEFT,XR,CLAVICLE
RM01104,RIGHT,N/A,1,XR CLAVICLE RIGHT,XR,CLAVICLE
RM01105,BILATERAL,N/A,1,XR CLAVICLE BILATERAL,XR,CLAVICLE
RM01106,N/A,N/A,3,XR CERVICAL SPINE 2-3 VIEWS,XR,CERVICAL SPINE
RM01107,N/A,N/A,5,XR CERVICAL SPINE 4-5 VIEWS,XR,CERVICAL SPINE
RM01108,N/A,N/A,3,XR CERVICAL SPINE 2-3 VIEWS WITH FLEXION EXTENSION,XR,CERVICAL SPINE
RM01109,N/A,N/A,1,XR WRIST NAVICULAR,XR,FOOT/WRIST
RM01110,LEFT,N/A,1,XR WRIST NAVICULAR LEFT,XR,FOOT/WRIST
RM01111,RIGHT,N/A,1,XR WRIST NAVICULAR RIGHT,XR,FOOT/WRIST
RM01112,N/A,N/A,3,XR ELBOW 3+ VIEWS,XR,ELBOW
RM01113,LEFT,N/A,3,XR ELBOW 3+ VIEWS LEFT,XR,ELBOW
RM01114,RIGHT,N/A,3,XR ELBOW 3+ VIEWS RIGHT,XR,ELBOW
RM01115,BILATERAL,N/A,3,XR ELBOW 3+ VIEWS BILATERAL,XR,ELBOW
RM01116,N/A,N/A,2,XR FEMUR 2 VIEWS,XR,FEMUR
RM01117,LEFT,N/A,2,XR FEMUR 2 VIEWS LEFT,XR,FEMUR
RM01118,RIGHT,N/A,2,XR FEMUR 2 VIEWS RIGHT,XR,FEMUR
RM01119,BILATERAL,N/A,2,XR FEMUR 2 VIEWS BILATERAL,XR,FEMUR
RM01120,N/A,N/A,1,XR FINGERS,XR,FINGERS
RM01121,LEFT,N/A,1,XR FINGERS LEFT,XR,FINGERS
RM01122,RIGHT,N/A,1,XR FINGERS RIGHT,XR,FINGERS
RM01123,N/A,N/A,3,XR FOOT 3+ VIEWS,XR,FOOT
RM01124,LEFT,N/A,3,XR FOOT 3+ VIEWS LEFT,XR,FOOT
RM01125,RIGHT,N/A,3,XR FOOT 3+ VIEWS RIGHT,XR,FOOT
RM01126,BILATERAL,N/A,3,XR FOOT 3+ VIEWS BILATERAL,XR,FOOT
RM01127,N/A,N/A,2,XR CALCANEUS 2 VIEWS,XR,FOOT
RM01128,LEFT,N/A,2,XR CALCANEUS 2 VIEWS LEFT,XR,FOOT
RM01129,RIGHT,N/A,2,XR CALCANEUS 2 VIEWS RIGHT,XR,FOOT
RM01130,BILATERAL,N/A,2,XR CALCANEUS 2 VIEWS BILATERAL,XR,FOOT
RM01131,N/A,N/A,1,XR HIP INTRAOPERATIVE,XR,HIP
RM01132,LEFT,N/A,1,XR HIP INTRAOPERATIVE LEFT,XR,HIP
RM01133,RIGHT,N/A,1,XR HIP INTRAOPERATIVE RIGHT,XR,HIP
RM01134,N/A,N/A,1,XR HUMERUS,XR,HUMERUS
RM01135,LEFT,N/A,1,XR HUMERUS LEFT,XR,HUMERUS
RM01136,RIGHT,N/A,1,XR HUMERUS RIGHT,XR,HUMERUS
RM01137,BILATERAL,N/A,1,XR HUMERUS BILATERAL,XR,HUMERUS
RM01138,N/A,N/A,3,XR HAND 3+ VIEWS,XR,HAND
RM01139,LEFT,N/A,3,XR HAND 3+ VIEWS LEFT,XR,HAND
RM01140,RIGHT,N/A,3,XR HAND 3+ VIEWS RIGHT,XR,HAND
RM01141,BILATERAL,N/A,3,XR HAND 3+ VIEWS BILATERAL,XR,HAND
RM01142,N/A,N/A,2,XR KNEE 1-2 VIEWS,XR,KNEE
RM01143,LEFT,N/A,2,XR KNEE 1-2 VIEWS LEFT,XR,KNEE
RM01144,RIGHT,N/A,2,XR KNEE 1-2 VIEWS RIGHT,XR,KNEE
RM01145,BILATERAL,N/A,2,XR KNEE 1-2 VIEWS BILATERAL,XR,KNEE
RM01146,N/A,N/A,4,XR KNEE 4+ VIEWS,XR,KNEE
RM01147,LEFT,N/A,4,XR KNEE 4+ VIEWS LEFT,XR,KNEE
RM01148,RIGHT,N/A,4,XR KNEE 4+ VIEWS RIGHT,XR,KNEE
RM01149,BILATERAL,N/A,4,XR KNEE 4+ VIEWS BILATERAL,XR,KNEE
RM01150,N/A,N/A,3,XR LUMBAR SPINE 2-3 VIEWS,XR,LUMBAR SPINE
RM01151,BILATERAL,N/A,3,XR MASTOIDS 3+ VIEWS BILATERAL,XR,HEAD
RM01152,N/A,N/A,1,XR PELVIS 1 VIEW,XR,PELVIS
RM01153,N/A,N/A,2,XR RIBS 2 VIEWS UNILATERAL,XR,RIBS
RM01154,N/A,N/A,1,XR SHOULDER 1 VIEW,XR,SHOULDER
RM01155,LEFT,N/A,1,XR SHOULDER 1 VIEW LEFT,XR,SHOULDER
RM01156,RIGHT,N/A,1,XR SHOULDER 1 VIEW RIGHT,XR,SHOULDER
RM01157,BILATERAL,N/A,1,XR SHOULDER 1 VIEW BILATERAL,XR,SHOULDER
RM01158,N/A,N/A,2,XR SHOULDER 2+ VIEWS,XR,SHOULDER
RM01159,LEFT,N/A,2,XR SHOULDER 2+ VIEWS LEFT,XR,SHOULDER
RM01160,RIGHT,N/A,2,XR SHOULDER 2+ VIEWS RIGHT,XR,SHOULDER
RM01161,BILATERAL,N/A,2,XR SHOULDER 2+ VIEWS BILATERAL,XR,SHOULDER
RM01162,N/A,N/A,3,XR PARANASAL SINUSES 3+ VIEWS,XR,FACE
RM01163,N/A,N/A,1,XR SPINE,XR,LUMBAR SPINE
RM01164,N/A,N/A,1,XR THUMB,XR,HAND
RM01165,LEFT,N/A,1,XR THUMB LEFT,XR,HAND
RM01166,RIGHT,N/A,1,XR THUMB RIGHT,XR,HAND
RM01167,N/A,N/A,2,XR TIBIA FIBULA 2 VIEWS,XR,TIB FIB
RM01168,LEFT,N/A,2,XR TIBIA FIBULA 2 VIEWS LEFT,XR,TIB FIB
RM01169,RIGHT,N/A,2,XR TIBIA FIBULA 2 VIEWS RIGHT,XR,TIB FIB
RM01170,BILATERAL,N/A,2,XR TIBIA FIBULA 2 VIEWS BILATERAL,XR,TIB FIB
RM01171,BILATERAL,N/A,1,XR TEMPOROMANDIBULAR JOINT OPEN AND CLOSED BILATERAL,XR,FACE
RM01172,N/A,N/A,3,XR WRIST 3+ VIEWS,XR,WRIST
RM01173,LEFT,N/A,3,XR WRIST 3+ VIEWS LEFT,XR,WRIST
RM01174,RIGHT,N/A,3,XR WRIST 3+ VIEWS RIGHT,XR,WRIST
RM01175,BILATERAL,N/A,3,XR WRIST 3+ VIEWS BILATERAL,XR,WRIST
RM01176,N/A,N/A,1,XR ABDOMEN 1 VIEW,XR,ABDOMEN
RM01177,N/A,N/A,3,XR ABDOMEN 3+ VIEWS,XR,ABDOMEN
RM01178,N/A,N/A,1,XR SELLA TURCICA,XR,HEAD
RM01179,N/A,N/A,2,XR ANKLE 1-2 VIEWS,XR,ANKLE
RM01180,LEFT,N/A,2,XR ANKLE 1-2 VIEWS LEFT,XR,ANKLE
RM01181,RIGHT,N/A,2,XR ANKLE 1-2 VIEWS RIGHT,XR,ANKLE
RM01182,BILATERAL,N/A,2,XR ANKLE 1-2 VIEWS BILATERAL,XR,ANKLE
RM01183,N/A,N/A,1,XR BONE AGE EXTENDED,XR,ENTIRE BODY
RM01184,N/A,N/A,1,XR CERVICAL SPINE 1 VIEW,XR,CERVICAL SPINE
RM01185,N/A,N/A,2,XR ELBOW 1-2 VIEWS,XR,ELBOW
RM01186,LEFT,N/A,2,XR ELBOW 1-2 VIEWS LEFT,XR,ELBOW
RM01187,RIGHT,N/A,2,XR ELBOW 1-2 VIEWS RIGHT,XR,ELBOW
RM01188,BILATERAL,N/A,2,XR ELBOW 1-2 VIEWS BILATERAL,XR,ELBOW
RM01189,N/A,N/A,2,XR FOREARM 2 VIEWS,XR,FOREARM
RM01190,LEFT,N/A,2,XR FOREARM 2 VIEWS LEFT,XR,FOREARM
RM01191,RIGHT,N/A,2,XR FOREARM 2 VIEWS RIGHT,XR,FOREARM
RM01192,BILATERAL,N/A,2,XR FOREARM 2 VIEWS BILATERAL,XR,FOREARM
RM01193,N/A,N/A,2,XR FOOT 1-2 VIEWS,XR,FOOT
RM01194,LEFT,N/A,2,XR FOOT 1-2 VIEWS LEFT,XR,FOOT
RM01195,RIGHT,N/A,2,XR FOOT 1-2 VIEWS RIGHT,XR,FOOT
RM01196,BILATERAL,N/A,2,XR FOOT 1-2 VIEWS BILATERAL,XR,FOOT
RM01197,BILATERAL,N/A,2,XR HIP 2+ VIEWS BILATERAL WITH ANTEROPOSTERIOR PELVIS,XR,PELVIS/HIP
RM01198,N/A,N/A,2,XR HIP 2+ VIEWS,XR,HIP
RM01199,LEFT,N/A,2,XR HIP 2+ VIEWS LEFT,XR,HIP
RM01200,RIGHT,N/A,2,XR HIP 2+ VIEWS RIGHT,XR,HIP
RM01201,BILATERAL,N/A,2,XR HIP 2+ VIEWS BILATERAL,XR,HIP
RM01202,N/A,N/A,1,XR HIP 1 VIEW,XR,HIP
RM01203,LEFT,N/A,1,XR HIP 1 VIEW LEFT,XR,HIP
RM01204,RIGHT,N/A,1,XR HIP 1 VIEW RIGHT,XR,HIP
RM01205,BILATERAL,N/A,1,XR HIP 1 VIEW BILATERAL,XR,HIP
RM01206,N/A,N/A,2,XR HAND 1-2 VIEWS,XR,HAND
RM01207,LEFT,N/A,2,XR HAND 1-2 VIEWS LEFT,XR,HAND
RM01208,RIGHT,N/A,2,XR HAND 1-2 VIEWS RIGHT,XR,HAND
RM01209,BILATERAL,N/A,2,XR HAND 1-2 VIEWS BILATERAL,XR,HAND
RM01210,N/A,N/A,6,XR CERVICAL SPINE 6+ VIEWS,XR,CERVICAL SPINE
RM01211,N/A,N/A,3,XR KNEE 3 VIEWS,XR,KNEE
RM01212,LEFT,N/A,3,XR KNEE 3 VIEWS LEFT,XR,KNEE
RM01213,RIGHT,N/A,3,XR KNEE 3 VIEWS RIGHT,XR,KNEE
RM01214,BILATERAL,N/A,3,XR KNEE 3 VIEWS BILATERAL,XR,KNEE
RM01215,N/A,N/A,6,XR LUMBAR SPINE 6+ VIEWS INCLUDING BENDING,XR,LUMBAR SPINE
RM01216,N/A,N/A,4,XR LUMBAR SPINE 4+ VIEWS,XR,LUMBAR SPINE
RM01217,N/A,N/A,1,XR LUMBAR SPINE ANTEROPOSTERIOR AND LATERAL,XR,LUMBAR SPINE
RM01218,N/A,N/A,3,XR PELVIS 3+ VIEWS,XR,PELVIS
RM01219,N/A,N/A,1,XR PELVIS 1 VIEW ANTEROPOSTERIOR,XR,PELVIS
RM01220,N/A,N/A,1,XR SCAPULA,XR,SCAPULA
RM01221,LEFT,N/A,1,XR SCAPULA LEFT,XR,SCAPULA
RM01222,RIGHT,N/A,1,XR SCAPULA RIGHT,XR,SCAPULA
RM01223,BILATERAL,N/A,1,XR SCAPULA BILATERAL,XR,SCAPULA
RM01224,N/A,N/A,2,XR ENTIRE SPINE 2+ VIEWS,XR,LUMBAR SPINE
RM01225,N/A,N/A,2,XR THORACIC SPINE 2 VIEWS,XR,THORACIC SPINE
RM01226,N/A,N/A,2,XR THORACOLUMBAR SPINE 2 VIEWS,XR,UNCLASSIFIED
RM01227,N/A,N/A,2,XR WRIST 1-2 VIEWS,XR,WRIST
RM01228,LEFT,N/A,2,XR WRIST 1-2 VIEWS LEFT,XR,WRIST
RM01229,RIGHT,N/A,2,XR WRIST 1-2 VIEWS RIGHT,XR,WRIST
RM01230,BILATERAL,N/A,2,XR WRIST 1-2 VIEWS BILATERAL,XR,WRIST
RM01231,N/A,N/A,1,XR LUMBAR SPINE 1 VIEW,XR,LUMBAR SPINE
RM01232,N/A,N/A,2,XR PELVIS 1-2 VIEWS,XR,PELVIS
RM01233,N/A,N/A,1,XR PELVIMETRY,XR,PELVIS
RM01234,BILATERAL,N/A,3,XR RIBS 3 VIEWS BILATERAL,XR,RIBS
RM01235,N/A,N/A,1,XR THORACIC SPINE 1 VIEW,XR,THORACIC SPINE
RM01236,N/A,N/A,2,XR COCCYX 2+ VIEWS,XR,PELVIS
RM01237,BILATERAL,N/A,1,XR KNEES ANTEROPOSTERIOR STANDING BILATERAL,XR,KNEE
RM01238,N/A,N/A,1,XR BONE AGE HAND,XR,HAND/ENTIRE BODY
RM01239,N/A,N/A,1,XR OPTIC FORAMINA,XR,FACE
RM01240,N/A,N/A,1,XR EYE FOREIGN BODY,XR,FACE
RM01241,N/A,N/A,1,XR NECK SOFT TISSUE,XR,NECK
RM01242,N/A,N/A,1,XR TEMPOROMANDIBULAR JOINT OPEN AND CLOSED UNILATERAL,XR,FACE
RM01243,N/A,N/A,1,XR THORACIC SPINE,XR,THORACIC SPINE
RM01244,N/A,N/A,2,XR SACRUM COCCYX 2+ VIEWS,XR,PELVIS
RM01245,N/A,N/A,1,XR FACIAL,XR,FACE
RM01246,N/A,N/A,1,XR NASAL BONES,XR,FACE
RM01247,N/A,N/A,3,XR SACROILIAC JOINTS 3+ VIEWS,XR,SACROILIAC JOINT
RM01248,LEFT,N/A,3,XR SACROILIAC JOINTS 3+ VIEWS LEFT,XR,SACROILIAC JOINT
RM01249,RIGHT,N/A,3,XR SACROILIAC JOINTS 3+ VIEWS RIGHT,XR,SACROILIAC JOINT
RM01250,BILATERAL,N/A,3,XR SACROILIAC JOINTS 3+ VIEWS BILATERAL,XR,SACROILIAC JOINT
RM01251,N/A,N/A,2,XR RIBS 2 VIEWS UNILATERAL WITH CHEST,XR,CHEST/RIBS
RM01252,N/A,N/A,1,XR WHOLE BODY INFANT,XR,ENTIRE BODY
RM01253,N/A,N/A,2,XR PARANASAL SINUSES 1-2 VIEWS,XR,FACE
RM01254,N/A,N/A,1,XR SALIVARY GLAND,XR,NECK
RM01255,N/A,N/A,4,XR ORBITS COMPLETE 4+ VIEWS,XR,FACE
RM01256,N/A,N/A,1,XR THORACIC SPINE 1 VIEW LATERAL,XR,THORACIC SPINE
RM01257,N/A,N/A,2,XR FACIAL BONES 1-2 VIEWS,XR,FACE
RM01258,N/A,N/A,2,XR FACIAL BONES 1-2 VIEWS ZYGOMA,XR,FACE
RM01259,BILATERAL,N/A,2,XR MASTOIDS 1-2 VIEWS BILATERAL,XR,HEAD
RM01260,N/A,N/A,2,XR SACROILIAC JOINTS 1-2 VIEWS,XR,SACROILIAC JOINT
RM01261,LEFT,N/A,2,XR SACROILIAC JOINTS 1-2 VIEWS LEFT,XR,SACROILIAC JOINT
RM01262,RIGHT,N/A,2,XR SACROILIAC JOINTS 1-2 VIEWS RIGHT,XR,SACROILIAC JOINT
RM01263,BILATERAL,N/A,2,XR SACROILIAC JOINTS 1-2 VIEWS BILATERAL,XR,SACROILIAC JOINT
RM01264,N/A,N/A,1,XR ABDOMEN ANTEROPOSTERIOR INFANT,XR,ABDOMEN
RM01265,N/A,N/A,1,XR ABDOMEN LATERAL CROSS TABLE INFANT,XR,ABDOMEN
RM01266,N/A,N/A,1,XR CHEST 1 VIEW ANTEROPOSTERIOR INFANT,XR,CHEST
RM01267,N/A,N/A,1,XR CHEST 1 VIEW LATERAL INFANT,XR,CHEST
RM01268,N/A,N/A,1,"XR CHEST LATERAL, DECUBITUS, OR BUCKY",XR,CHEST
RM01269,N/A,N/A,1,XR CHEST 1 VIEW POSTEROANTERIOR,XR,CHEST
RM01270,N/A,N/A,1,XR LUMBAR SPINE 1 VIEW INTRAOPERATIVE,XR,LUMBAR SPINE
RM01271,N/A,N/A,2,XR LOWER EXTREMITY 2+ VIEWS INFANT,XR,LOWER EXTREMITY
RM01272,LEFT,N/A,2,XR LOWER EXTREMITY 2+ VIEWS INFANT LEFT,XR,LOWER EXTREMITY
RM01273,RIGHT,N/A,2,XR LOWER EXTREMITY 2+ VIEWS INFANT RIGHT,XR,LOWER EXTREMITY
RM01274,BILATERAL,N/A,2,XR LOWER EXTREMITY 2+ VIEWS INFANT BILATERAL,XR,LOWER EXTREMITY
RM01275,N/A,N/A,2,XR SACRUM 2+ VIEWS,XR,PELVIS
RM01276,N/A,N/A,2,XR STERNUM 2+ VIEWS,XR,CHEST
RM01277,N/A,N/A,2,XR UPPER EXTREMITY 2+ VIEWS INFANT,XR,UPPER EXTREMITY
RM01278,LEFT,N/A,2,XR UPPER EXTREMITY 2+ VIEWS INFANT LEFT,XR,UPPER EXTREMITY
RM01279,RIGHT,N/A,2,XR UPPER EXTREMITY 2+ VIEWS INFANT RIGHT,XR,UPPER EXTREMITY
RM01280,BILATERAL,N/A,2,XR UPPER EXTREMITY 2+ VIEWS INFANT BILATERAL,XR,UPPER EXTREMITY
RM01281,N/A,N/A,2,XR ABDOMEN 2 VIEWS GENITOURINARY,XR,ABDOMEN
RM01282,N/A,N/A,1,XR ABDOMEN ANTEROPOSTERIOR AND OBLIQUE/CONE,XR,ABDOMEN
RM01283,N/A,N/A,1,XR ABDOMEN SUPINE AND ERECT,XR,ABDOMEN
RM01284,N/A,N/A,1,XR ABDOMEN SUPINE AND ERECT WITH CHEST,XR,ABDOMEN/CHEST
RM01285,N/A,N/A,2,XR CHEST 2 VIEWS WITH APICAL LORDOTIC,XR,CHEST
RM01286,N/A,N/A,2,XR CHEST 2 VIEWS WITH DECUBITUS VIEWS,XR,CHEST
RM01287,N/A,N/A,2,XR CHEST 2 VIEWS WITH OBLIQUES,XR,CHEST
RM01288,N/A,N/A,1,XR CHEST INSPIRATION EXPIRATION,XR,CHEST
RM01289,N/A,N/A,2,XR RIBS 2 VIEWS UNILATERAL WITH CHEST ANTEROPOSTERIOR,XR,CHEST/RIBS
RM01290,N/A,N/A,2,XR TOES 2 VIEWS,XR,TOES
RM01291,LEFT,N/A,2,XR TOES 2 VIEWS LEFT,XR,TOES
RM01292,RIGHT,N/A,2,XR TOES 2 VIEWS RIGHT,XR,TOES
RM01293,N/A,N/A,3,XR MANDIBLE 1-3 VIEWS,XR,FACE
RM01294,N/A,N/A,3,XR SKULL 1-3 VIEWS,XR,SKULL
RM01295,N/A,N/A,3,XR SKULL 1-3 VIEWS ANTEROPOSTERIOR AND LATERAL,XR,SKULL
RM01296,N/A,N/A,3,XR ANKLE 3+ VIEWS,XR,ANKLE
RM01297,LEFT,N/A,3,XR ANKLE 3+ VIEWS LEFT,XR,ANKLE
RM01298,RIGHT,N/A,3,XR ANKLE 3+ VIEWS RIGHT,XR,ANKLE
RM01299,BILATERAL,N/A,3,XR ANKLE 3+ VIEWS BILATERAL,XR,ANKLE
RM01300,N/A,N/A,1,XR CHEST POSTEROANTERIOR WITH DECUBITUS,XR,CHEST
RM01301,N/A,N/A,3,XR FACIAL BONES 3+ VIEWS,XR,FACE
RM01302,N/A,N/A,3,XR STERNOCLAVICULAR JOINTS 3+ VIEWS,XR,STERNOCLAVICULAR
RM01303,N/A,N/A,3,XR TIBIA FIBULA 3+ VIEWS,XR,TIB FIB
RM01304,LEFT,N/A,3,XR TIBIA FIBULA 3+ VIEWS LEFT,XR,TIB FIB
RM01305,RIGHT,N/A,3,XR TIBIA FIBULA 3+ VIEWS RIGHT,XR,TIB FIB
RM01306,BILATERAL,N/A,3,XR TIBIA FIBULA 3+ VIEWS BILATERAL,XR,TIB FIB
RM01307,BILATERAL,N/A,3,XR RIBS 3+ VIEWS BILATERAL WITH CHEST POSTEROANTERIOR,XR,CHEST/RIBS
RM01308,N/A,N/A,3,XR THORACIC SPINE 3 VIEWS INCLUDING SWIMMERS VIEW,XR,THORACIC SPINE
RM01309,N/A,N/A,4,XR MANDIBLE 4+ VIEWS,XR,FACE
RM01310,N/A,N/A,4,XR SKULL COMPLETE 4+ VIEWS,XR,SKULL
RM01311,N/A,N/A,1,XR THORACOLUMBAR SPINE SUPINE AND ERECT SCOLIOSIS,XR,UNCLASSIFIED
RM01312,N/A,N/A,2,XR KNEE 1-2 VIEWS INTRAOPERATIVE,XR,KNEE
RM01313,LEFT,N/A,2,XR KNEE 1-2 VIEWS INTRAOPERATIVE LEFT,XR,KNEE
RM01314,RIGHT,N/A,2,XR KNEE 1-2 VIEWS INTRAOPERATIVE RIGHT,XR,KNEE
RM01315,N/A,N/A,1,XR THORACOLUMBAR SPINE ERECT SCOLIOSIS,XR,UNCLASSIFIED
RM01316,N/A,N/A,1,XR HIP 1 VIEW PORTABLE,XR,HIP
RM01317,LEFT,N/A,1,XR HIP 1 VIEW PORTABLE LEFT,XR,HIP
RM01318,RIGHT,N/A,1,XR HIP 1 VIEW PORTABLE RIGHT,XR,HIP
RM01319,BILATERAL,N/A,1,XR HIP 1 VIEW PORTABLE BILATERAL,XR,HIP
RM01320,N/A,N/A,1,XR BONE SURVEY INFANT,XR,ENTIRE BODY
RM01321,N/A,N/A,1,XR NOSE TO RECTUM FOREIGN BODY PEDIATRIC,XR,PELVIS
RM01322,N/A,N/A,2,XR HIP 2+ VIEWS ORTHOPEDICS PRE OPERATIVE,XR,HIP
RM01323,LEFT,N/A,2,XR HIP 2+ VIEWS ORTHOPEDICS PRE OPERATIVE LEFT,XR,HIP
RM01324,RIGHT,N/A,2,XR HIP 2+ VIEWS ORTHOPEDICS PRE OPERATIVE RIGHT,XR,HIP
RM01325,BILATERAL,N/A,2,XR HIP 2+ VIEWS ORTHOPEDICS PRE OPERATIVE BILATERAL,XR,HIP
RM01326,N/A,N/A,1,XR BABYGRAM,XR,SKULL
RM01327,N/A,N/A,3,XR CERVICAL SPINE 2-3 VIEWS WITH FLEXION EXTENSION AND OBLIQUES,XR,CERVICAL SPINE
RM01328,N/A,N/A,2,XR HIPS AND PELVIS 2+ VIEWS PEDIATRIC,XR,PELVIS
RM01329,N/A,N/A,1,"XR LUMBAR SPINE ANTEROPOSTERIOR, LATERAL, AND OBLIQUES",XR,LUMBAR SPINE
RM01330,N/A,N/A,1,XR SCANOGRAM BONE LENGTH,XR,ENTIRE BODY
RM01331,N/A,N/A,1,XR BONE SURVEY COMPLETE,XR,ENTIRE BODY
RM01332,N/A,N/A,1,XR BONE SURVEY LIMITED,XR,ENTIRE BODY
RM01333,N/A,N/A,1,XR CEPHALOGRAM,XR,SKULL
